Accession	Title	Sample Type	Taxonomy	Channels	Platform	Series	Supplementary Types	Supplementary Links	SRA Accession	Contact	Release Date
GSM2547919	"E_minus:AACCAATCGTC"	"SRA"	"Mus musculus"	1	GPL19057	GSE96982;GSE96986			SRX2669946	"Christophe Lancrin"	"Mar 20, 2018"
GSM2547920	"E_minus:AACCGTCTCTA"	"SRA"	"Mus musculus"	1	GPL19057	GSE96982;GSE96986			SRX2669947	"Christophe Lancrin"	"Mar 20, 2018"
GSM2547921	"E_minus:AACCATCTATT"	"SRA"	"Mus musculus"	1	GPL19057	GSE96982;GSE96986			SRX2669948	"Christophe Lancrin"	"Mar 20, 2018"
GSM2547922	"E_minus:AACCAGTCAGG"	"SRA"	"Mus musculus"	1	GPL19057	GSE96982;GSE96986			SRX2669949	"Christophe Lancrin"	"Mar 20, 2018"
GSM2547923	"E_minus:AACCGTAGATT"	"SRA"	"Mus musculus"	1	GPL19057	GSE96982;GSE96986			SRX2669950	"Christophe Lancrin"	"Mar 20, 2018"
GSM2547924	"E_minus:AACCGGCATTA"	"SRA"	"Mus musculus"	1	GPL19057	GSE96982;GSE96986			SRX2669951	"Christophe Lancrin"	"Mar 20, 2018"
GSM2547925	"E_minus:AACCAGATTCC"	"SRA"	"Mus musculus"	1	GPL19057	GSE96982;GSE96986			SRX2669952	"Christophe Lancrin"	"Mar 20, 2018"
GSM2547926	"E_minus:AACCAGCAACT"	"SRA"	"Mus musculus"	1	GPL19057	GSE96982;GSE96986			SRX2669953	"Christophe Lancrin"	"Mar 20, 2018"
GSM2547927	"E_minus:AACCATTGGCT"	"SRA"	"Mus musculus"	1	GPL19057	GSE96982;GSE96986			SRX2669954	"Christophe Lancrin"	"Mar 20, 2018"
GSM2547928	"E_minus:AACCGCAACCT"	"SRA"	"Mus musculus"	1	GPL19057	GSE96982;GSE96986			SRX2669955	"Christophe Lancrin"	"Mar 20, 2018"
GSM2547929	"E_minus:AACCGACCATA"	"SRA"	"Mus musculus"	1	GPL19057	GSE96982;GSE96986			SRX2669956	"Christophe Lancrin"	"Mar 20, 2018"
GSM2547930	"E_minus:AACCTCCTGAA"	"SRA"	"Mus musculus"	1	GPL19057	GSE96982;GSE96986			SRX2669957	"Christophe Lancrin"	"Mar 20, 2018"
GSM2547931	"E_minus:AACCGAGTCAG"	"SRA"	"Mus musculus"	1	GPL19057	GSE96982;GSE96986			SRX2669958	"Christophe Lancrin"	"Mar 20, 2018"
GSM2547932	"E_minus:AACTATTATTG"	"SRA"	"Mus musculus"	1	GPL19057	GSE96982;GSE96986			SRX2669959	"Christophe Lancrin"	"Mar 20, 2018"
GSM2547933	"E_minus:AACGTACCTGA"	"SRA"	"Mus musculus"	1	GPL19057	GSE96982;GSE96986			SRX2669960	"Christophe Lancrin"	"Mar 20, 2018"
GSM2547934	"E_minus:AACGTATAGGT"	"SRA"	"Mus musculus"	1	GPL19057	GSE96982;GSE96986			SRX2669961	"Christophe Lancrin"	"Mar 20, 2018"
GSM2547935	"E_minus:AACGTACGCCA"	"SRA"	"Mus musculus"	1	GPL19057	GSE96982;GSE96986			SRX2669962	"Christophe Lancrin"	"Mar 20, 2018"
GSM2547936	"E_minus:AACCTGGTATT"	"SRA"	"Mus musculus"	1	GPL19057	GSE96982;GSE96986			SRX2669963	"Christophe Lancrin"	"Mar 20, 2018"
GSM2547937	"E_minus:AACGTCGCTAG"	"SRA"	"Mus musculus"	1	GPL19057	GSE96982;GSE96986			SRX2669964	"Christophe Lancrin"	"Mar 20, 2018"
GSM2547938	"E_minus:AACGTTACTCG"	"SRA"	"Mus musculus"	1	GPL19057	GSE96982;GSE96986			SRX2669965	"Christophe Lancrin"	"Mar 20, 2018"
GSM2547939	"E_minus:AACTCAATGAG"	"SRA"	"Mus musculus"	1	GPL19057	GSE96982;GSE96986			SRX2669966	"Christophe Lancrin"	"Mar 20, 2018"
GSM2547940	"E_minus:AACGTAATCGC"	"SRA"	"Mus musculus"	1	GPL19057	GSE96982;GSE96986			SRX2669967	"Christophe Lancrin"	"Mar 20, 2018"
GSM2547941	"E_minus:AACGTAGATCT"	"SRA"	"Mus musculus"	1	GPL19057	GSE96982;GSE96986			SRX2669968	"Christophe Lancrin"	"Mar 20, 2018"
GSM2547942	"E_minus:AACTCGAGATC"	"SRA"	"Mus musculus"	1	GPL19057	GSE96982;GSE96986			SRX2669969	"Christophe Lancrin"	"Mar 20, 2018"
GSM2547943	"E_minus:AACTAACCTTG"	"SRA"	"Mus musculus"	1	GPL19057	GSE96982;GSE96986			SRX2669970	"Christophe Lancrin"	"Mar 20, 2018"
GSM2547944	"E_minus:AACTAATCAGA"	"SRA"	"Mus musculus"	1	GPL19057	GSE96982;GSE96986			SRX2669971	"Christophe Lancrin"	"Mar 20, 2018"
GSM2547945	"E_minus:AACTAACGTCA"	"SRA"	"Mus musculus"	1	GPL19057	GSE96982;GSE96986			SRX2669972	"Christophe Lancrin"	"Mar 20, 2018"
GSM2547946	"E_minus:AACTCGCGCCG"	"SRA"	"Mus musculus"	1	GPL19057	GSE96982;GSE96986			SRX2669973	"Christophe Lancrin"	"Mar 20, 2018"
GSM2547947	"E_minus:AACTCCTGGCC"	"SRA"	"Mus musculus"	1	GPL19057	GSE96982;GSE96986			SRX2669974	"Christophe Lancrin"	"Mar 20, 2018"
GSM2547948	"E_minus:AACTAGAGCCT"	"SRA"	"Mus musculus"	1	GPL19057	GSE96982;GSE96986			SRX2669975	"Christophe Lancrin"	"Mar 20, 2018"
GSM2547949	"E_minus:AACTACGGTCC"	"SRA"	"Mus musculus"	1	GPL19057	GSE96982;GSE96986			SRX2669976	"Christophe Lancrin"	"Mar 20, 2018"
GSM2547950	"E_minus:AACTACCAGCG"	"SRA"	"Mus musculus"	1	GPL19057	GSE96982;GSE96986			SRX2669977	"Christophe Lancrin"	"Mar 20, 2018"
GSM2547951	"E_minus:AACTCGTTCCT"	"SRA"	"Mus musculus"	1	GPL19057	GSE96982;GSE96986			SRX2669978	"Christophe Lancrin"	"Mar 20, 2018"
GSM2547952	"E_minus:CGCTTCTGCTC"	"SRA"	"Mus musculus"	1	GPL19057	GSE96982;GSE96986			SRX2669979	"Christophe Lancrin"	"Mar 20, 2018"
GSM2547953	"E_minus:CGTAGCAGTTA"	"SRA"	"Mus musculus"	1	GPL19057	GSE96982;GSE96986			SRX2669980	"Christophe Lancrin"	"Mar 20, 2018"
GSM2547954	"E_minus:CGGCGCGGCGA"	"SRA"	"Mus musculus"	1	GPL19057	GSE96982;GSE96986			SRX2669981	"Christophe Lancrin"	"Mar 20, 2018"
GSM2547955	"E_minus:CGGATTGCTGA"	"SRA"	"Mus musculus"	1	GPL19057	GSE96982;GSE96986			SRX2669982	"Christophe Lancrin"	"Mar 20, 2018"
GSM2547956	"E_minus:CGTCGTAACTG"	"SRA"	"Mus musculus"	1	GPL19057	GSE96982;GSE96986			SRX2669983	"Christophe Lancrin"	"Mar 20, 2018"
GSM2547957	"E_minus:CGTCCTCAGCT"	"SRA"	"Mus musculus"	1	GPL19057	GSE96982;GSE96986			SRX2669984	"Christophe Lancrin"	"Mar 20, 2018"
GSM2547958	"E_minus:CGTCGATCGTT"	"SRA"	"Mus musculus"	1	GPL19057	GSE96982;GSE96986			SRX2669985	"Christophe Lancrin"	"Mar 20, 2018"
GSM2547959	"E_minus:CGGTATGCGCA"	"SRA"	"Mus musculus"	1	GPL19057	GSE96982;GSE96986			SRX2669986	"Christophe Lancrin"	"Mar 20, 2018"
GSM2547960	"E_minus:CGGTATTAACC"	"SRA"	"Mus musculus"	1	GPL19057	GSE96982;GSE96986			SRX2669987	"Christophe Lancrin"	"Mar 20, 2018"
GSM2547961	"E_minus:CGTCTTCCATA"	"SRA"	"Mus musculus"	1	GPL19057	GSE96982;GSE96986			SRX2669988	"Christophe Lancrin"	"Mar 20, 2018"
GSM2547962	"E_minus:CGTCTATACCG"	"SRA"	"Mus musculus"	1	GPL19057	GSE96982;GSE96986			SRX2669989	"Christophe Lancrin"	"Mar 20, 2018"
GSM2547963	"E_minus:CGTTAGATCGG"	"SRA"	"Mus musculus"	1	GPL19057	GSE96982;GSE96986			SRX2669990	"Christophe Lancrin"	"Mar 20, 2018"
GSM2547964	"E_minus:CGGCTTGGAGG"	"SRA"	"Mus musculus"	1	GPL19057	GSE96982;GSE96986			SRX2669991	"Christophe Lancrin"	"Mar 20, 2018"
GSM2547965	"E_minus:CGTTATCCTTA"	"SRA"	"Mus musculus"	1	GPL19057	GSE96982;GSE96986			SRX2669992	"Christophe Lancrin"	"Mar 20, 2018"
GSM2547966	"E_minus:CGGTCTTCTTC"	"SRA"	"Mus musculus"	1	GPL19057	GSE96982;GSE96986			SRX2669993	"Christophe Lancrin"	"Mar 20, 2018"
GSM2547967	"E_minus:CGGTTAATGAG"	"SRA"	"Mus musculus"	1	GPL19057	GSE96982;GSE96986			SRX2669994	"Christophe Lancrin"	"Mar 20, 2018"
GSM2547968	"E_minus:CGTTCGGCCGC"	"SRA"	"Mus musculus"	1	GPL19057	GSE96982;GSE96986			SRX2669995	"Christophe Lancrin"	"Mar 20, 2018"
GSM2547969	"E_minus:CGTTATGAACT"	"SRA"	"Mus musculus"	1	GPL19057	GSE96982;GSE96986			SRX2669996	"Christophe Lancrin"	"Mar 20, 2018"
GSM2547970	"E_minus:CTGGTAGGCGG"	"SRA"	"Mus musculus"	1	GPL19057	GSE96982;GSE96986			SRX2669997	"Christophe Lancrin"	"Mar 20, 2018"
GSM2547971	"E_minus:CTGGTAATCAG"	"SRA"	"Mus musculus"	1	GPL19057	GSE96982;GSE96986			SRX2669998	"Christophe Lancrin"	"Mar 20, 2018"
GSM2547972	"E_minus:CTGGTTCTGAA"	"SRA"	"Mus musculus"	1	GPL19057	GSE96982;GSE96986			SRX2669999	"Christophe Lancrin"	"Mar 20, 2018"
GSM2547973	"E_minus:CTGGTCGAACC"	"SRA"	"Mus musculus"	1	GPL19057	GSE96982;GSE96986			SRX2670000	"Christophe Lancrin"	"Mar 20, 2018"
GSM2547974	"E_minus:CTTCCAGTTGA"	"SRA"	"Mus musculus"	1	GPL19057	GSE96982;GSE96986			SRX2670001	"Christophe Lancrin"	"Mar 20, 2018"
GSM2547975	"E_minus:CTTGGATCGAA"	"SRA"	"Mus musculus"	1	GPL19057	GSE96982;GSE96986			SRX2670002	"Christophe Lancrin"	"Mar 20, 2018"
GSM2547976	"E_minus:CTTAGTCGAGG"	"SRA"	"Mus musculus"	1	GPL19057	GSE96982;GSE96986			SRX2670003	"Christophe Lancrin"	"Mar 20, 2018"
GSM2547977	"E_minus:CTGGTTAACTG"	"SRA"	"Mus musculus"	1	GPL19057	GSE96982;GSE96986			SRX2670004	"Christophe Lancrin"	"Mar 20, 2018"
GSM2547978	"E_minus:CTTACGGTACG"	"SRA"	"Mus musculus"	1	GPL19057	GSE96982;GSE96986			SRX2670005	"Christophe Lancrin"	"Mar 20, 2018"
GSM2547979	"E_minus:GAACCGCAGCG"	"SRA"	"Mus musculus"	1	GPL19057	GSE96982;GSE96986			SRX2670006	"Christophe Lancrin"	"Mar 20, 2018"
GSM2547980	"E_minus:GAACCGATGGA"	"SRA"	"Mus musculus"	1	GPL19057	GSE96982;GSE96986			SRX2670007	"Christophe Lancrin"	"Mar 20, 2018"
GSM2547981	"E_minus:GAACCGTAGTT"	"SRA"	"Mus musculus"	1	GPL19057	GSE96982;GSE96986			SRX2670008	"Christophe Lancrin"	"Mar 20, 2018"
GSM2547982	"E_minus:GAACCATACTG"	"SRA"	"Mus musculus"	1	GPL19057	GSE96982;GSE96986			SRX2670009	"Christophe Lancrin"	"Mar 20, 2018"
GSM2547983	"E_minus:CTTCCATTGGT"	"SRA"	"Mus musculus"	1	GPL19057	GSE96982;GSE96986			SRX2670010	"Christophe Lancrin"	"Mar 20, 2018"
GSM2547984	"E_minus:GAACCGAGCCG"	"SRA"	"Mus musculus"	1	GPL19057	GSE96982;GSE96986			SRX2670011	"Christophe Lancrin"	"Mar 20, 2018"
GSM2547985	"E_minus:CTCCGAGGATC"	"SRA"	"Mus musculus"	1	GPL19057	GSE96982;GSE96986			SRX2670012	"Christophe Lancrin"	"Mar 20, 2018"
GSM2547986	"E_minus:CTCCTCCGTAG"	"SRA"	"Mus musculus"	1	GPL19057	GSE96982;GSE96986			SRX2670013	"Christophe Lancrin"	"Mar 20, 2018"
GSM2547987	"E_minus:CTCCGATCGGT"	"SRA"	"Mus musculus"	1	GPL19057	GSE96982;GSE96986			SRX2670014	"Christophe Lancrin"	"Mar 20, 2018"
GSM2547988	"E_minus:CTGCGTACGGT"	"SRA"	"Mus musculus"	1	GPL19057	GSE96982;GSE96986			SRX2670015	"Christophe Lancrin"	"Mar 20, 2018"
GSM2547989	"E_minus:CTCCGCGAGAC"	"SRA"	"Mus musculus"	1	GPL19057	GSE96982;GSE96986			SRX2670016	"Christophe Lancrin"	"Mar 20, 2018"
GSM2547990	"E_minus:GAAGCCTTCCG"	"SRA"	"Mus musculus"	1	GPL19057	GSE96982;GSE96986			SRX2670017	"Christophe Lancrin"	"Mar 20, 2018"
GSM2547991	"E_minus:GAACGGCAATC"	"SRA"	"Mus musculus"	1	GPL19057	GSE96982;GSE96986			SRX2670018	"Christophe Lancrin"	"Mar 20, 2018"
GSM2547992	"E_minus:GAACGGACTCG"	"SRA"	"Mus musculus"	1	GPL19057	GSE96982;GSE96986			SRX2670019	"Christophe Lancrin"	"Mar 20, 2018"
GSM2547993	"E_minus:GAACGCCGGAT"	"SRA"	"Mus musculus"	1	GPL19057	GSE96982;GSE96986			SRX2670020	"Christophe Lancrin"	"Mar 20, 2018"
GSM2547994	"E_minus:CTGCTTCTTCA"	"SRA"	"Mus musculus"	1	GPL19057	GSE96982;GSE96986			SRX2670021	"Christophe Lancrin"	"Mar 20, 2018"
GSM2547995	"E_minus:CTGGATTGACC"	"SRA"	"Mus musculus"	1	GPL19057	GSE96982;GSE96986			SRX2670022	"Christophe Lancrin"	"Mar 20, 2018"
GSM2547996	"E_minus:CTGCTGGTTCT"	"SRA"	"Mus musculus"	1	GPL19057	GSE96982;GSE96986			SRX2670023	"Christophe Lancrin"	"Mar 20, 2018"
GSM2547997	"E_minus:CTGGAAGCTCT"	"SRA"	"Mus musculus"	1	GPL19057	GSE96982;GSE96986			SRX2670024	"Christophe Lancrin"	"Mar 20, 2018"
GSM2547998	"E_minus:GAACGTAGCGC"	"SRA"	"Mus musculus"	1	GPL19057	GSE96982;GSE96986			SRX2670025	"Christophe Lancrin"	"Mar 20, 2018"
GSM2547999	"E_minus:GAACTACGTAT"	"SRA"	"Mus musculus"	1	GPL19057	GSE96982;GSE96986			SRX2670026	"Christophe Lancrin"	"Mar 20, 2018"
GSM2548000	"E_minus:GAAGCATGACC"	"SRA"	"Mus musculus"	1	GPL19057	GSE96982;GSE96986			SRX2670027	"Christophe Lancrin"	"Mar 20, 2018"
GSM2548001	"E_minus:GAACGGCGTAA"	"SRA"	"Mus musculus"	1	GPL19057	GSE96982;GSE96986			SRX2670028	"Christophe Lancrin"	"Mar 20, 2018"
GSM2548002	"E_minus:GAACGATGGCC"	"SRA"	"Mus musculus"	1	GPL19057	GSE96982;GSE96986			SRX2670029	"Christophe Lancrin"	"Mar 20, 2018"
GSM2548003	"E_minus:GAACGCTAAGG"	"SRA"	"Mus musculus"	1	GPL19057	GSE96982;GSE96986			SRX2670030	"Christophe Lancrin"	"Mar 20, 2018"
GSM2548004	"E_minus:GACTGACGCTG"	"SRA"	"Mus musculus"	1	GPL19057	GSE96982;GSE96986			SRX2670031	"Christophe Lancrin"	"Mar 20, 2018"
GSM2548005	"E_minus:GAGAAGCGTAG"	"SRA"	"Mus musculus"	1	GPL19057	GSE96982;GSE96986			SRX2670032	"Christophe Lancrin"	"Mar 20, 2018"
GSM2548006	"E_minus:GAACTAAGCTC"	"SRA"	"Mus musculus"	1	GPL19057	GSE96982;GSE96986			SRX2670033	"Christophe Lancrin"	"Mar 20, 2018"
GSM2548007	"E_minus:GACTCAAGCCT"	"SRA"	"Mus musculus"	1	GPL19057	GSE96982;GSE96986			SRX2670034	"Christophe Lancrin"	"Mar 20, 2018"
GSM2548008	"E_minus:GAGGTCAGCGA"	"SRA"	"Mus musculus"	1	GPL19057	GSE96982;GSE96986			SRX2670035	"Christophe Lancrin"	"Mar 20, 2018"
GSM2548009	"E_minus:GAGTCGCGGCC"	"SRA"	"Mus musculus"	1	GPL19057	GSE96982;GSE96986			SRX2670036	"Christophe Lancrin"	"Mar 20, 2018"
GSM2548010	"E_minus:GAAGAATCCGG"	"SRA"	"Mus musculus"	1	GPL19057	GSE96982;GSE96986			SRX2670037	"Christophe Lancrin"	"Mar 20, 2018"
GSM2548011	"E_minus:GAACTTAAGGC"	"SRA"	"Mus musculus"	1	GPL19057	GSE96982;GSE96986			SRX2670038	"Christophe Lancrin"	"Mar 20, 2018"
GSM2548012	"E_minus:GCTCTCATAAG"	"SRA"	"Mus musculus"	1	GPL19057	GSE96982;GSE96986			SRX2670039	"Christophe Lancrin"	"Mar 20, 2018"
GSM2548013	"E_minus:GATTCATGCCG"	"SRA"	"Mus musculus"	1	GPL19057	GSE96982;GSE96986			SRX2670040	"Christophe Lancrin"	"Mar 20, 2018"
GSM2548014	"E_minus:GATTAGATTCT"	"SRA"	"Mus musculus"	1	GPL19057	GSE96982;GSE96986			SRX2670041	"Christophe Lancrin"	"Mar 20, 2018"
GSM2548015	"E_minus:GAGTTGCTGAC"	"SRA"	"Mus musculus"	1	GPL19057	GSE96982;GSE96986			SRX2670042	"Christophe Lancrin"	"Mar 20, 2018"
GSM2548016	"E_minus:GGAGTATATAC"	"SRA"	"Mus musculus"	1	GPL19057	GSE96982;GSE96986			SRX2670043	"Christophe Lancrin"	"Mar 20, 2018"
GSM2548017	"E_minus:GGAGTCGTTAA"	"SRA"	"Mus musculus"	1	GPL19057	GSE96982;GSE96986			SRX2670044	"Christophe Lancrin"	"Mar 20, 2018"
GSM2548018	"E_minus:GGACGCGGAAG"	"SRA"	"Mus musculus"	1	GPL19057	GSE96982;GSE96986			SRX2670045	"Christophe Lancrin"	"Mar 20, 2018"
GSM2548019	"E_minus:GCTCTTCCTCA"	"SRA"	"Mus musculus"	1	GPL19057	GSE96982;GSE96986			SRX2670046	"Christophe Lancrin"	"Mar 20, 2018"
GSM2548020	"E_minus:GCTCGGCTTGA"	"SRA"	"Mus musculus"	1	GPL19057	GSE96982;GSE96986			SRX2670047	"Christophe Lancrin"	"Mar 20, 2018"
GSM2548021	"E_minus:GGAGGTTACTA"	"SRA"	"Mus musculus"	1	GPL19057	GSE96982;GSE96986			SRX2670048	"Christophe Lancrin"	"Mar 20, 2018"
GSM2548022	"E_minus:GGAACCGCCTA"	"SRA"	"Mus musculus"	1	GPL19057	GSE96982;GSE96986			SRX2670049	"Christophe Lancrin"	"Mar 20, 2018"
GSM2548023	"E_minus:GCTGAGTACCG"	"SRA"	"Mus musculus"	1	GPL19057	GSE96982;GSE96986			SRX2670050	"Christophe Lancrin"	"Mar 20, 2018"
GSM2548024	"E_minus:GGATGCCAGGC"	"SRA"	"Mus musculus"	1	GPL19057	GSE96982;GSE96986			SRX2670051	"Christophe Lancrin"	"Mar 20, 2018"
GSM2548025	"E_minus:GGAGTTCGTCT"	"SRA"	"Mus musculus"	1	GPL19057	GSE96982;GSE96986			SRX2670052	"Christophe Lancrin"	"Mar 20, 2018"
GSM2548026	"E_minus:TGATTGGACCG"	"SRA"	"Mus musculus"	1	GPL19057	GSE96982;GSE96986			SRX2670053	"Christophe Lancrin"	"Mar 20, 2018"
GSM2548027	"E_minus:TGATTGCCTTC"	"SRA"	"Mus musculus"	1	GPL19057	GSE96982;GSE96986			SRX2670054	"Christophe Lancrin"	"Mar 20, 2018"
GSM2548028	"E_minus:TGATTAGTCTA"	"SRA"	"Mus musculus"	1	GPL19057	GSE96982;GSE96986			SRX2670055	"Christophe Lancrin"	"Mar 20, 2018"
GSM2548029	"E_minus:TGATTGCTACG"	"SRA"	"Mus musculus"	1	GPL19057	GSE96982;GSE96986			SRX2670056	"Christophe Lancrin"	"Mar 20, 2018"
GSM2548030	"E_minus:TGGAAGGTTGG"	"SRA"	"Mus musculus"	1	GPL19057	GSE96982;GSE96986			SRX2670057	"Christophe Lancrin"	"Mar 20, 2018"
GSM2548031	"E_minus:TGCTTGATAGC"	"SRA"	"Mus musculus"	1	GPL19057	GSE96982;GSE96986			SRX2670058	"Christophe Lancrin"	"Mar 20, 2018"
GSM2548032	"E_minus:TGGTTGGTACT"	"SRA"	"Mus musculus"	1	GPL19057	GSE96982;GSE96986			SRX2670059	"Christophe Lancrin"	"Mar 20, 2018"
GSM2548033	"E_minus:TTATGACTATG"	"SRA"	"Mus musculus"	1	GPL19057	GSE96982;GSE96986			SRX2670060	"Christophe Lancrin"	"Mar 20, 2018"
GSM2548034	"E_minus:TTAATCTCGAG"	"SRA"	"Mus musculus"	1	GPL19057	GSE96982;GSE96986			SRX2670061	"Christophe Lancrin"	"Mar 20, 2018"
GSM2548035	"E_minus:TTCAATGACGG"	"SRA"	"Mus musculus"	1	GPL19057	GSE96982;GSE96986			SRX2670062	"Christophe Lancrin"	"Mar 20, 2018"
GSM2548036	"E_minus:TTATGGTAGCG"	"SRA"	"Mus musculus"	1	GPL19057	GSE96982;GSE96986			SRX2670063	"Christophe Lancrin"	"Mar 20, 2018"
GSM2548037	"E_minus:TTACGTTCCGT"	"SRA"	"Mus musculus"	1	GPL19057	GSE96982;GSE96986			SRX2670064	"Christophe Lancrin"	"Mar 20, 2018"
GSM2548038	"E_minus:TTATGCTCAAC"	"SRA"	"Mus musculus"	1	GPL19057	GSE96982;GSE96986			SRX2670065	"Christophe Lancrin"	"Mar 20, 2018"
GSM2548039	"E_minus:TTATCTCCTCA"	"SRA"	"Mus musculus"	1	GPL19057	GSE96982;GSE96986			SRX2670066	"Christophe Lancrin"	"Mar 20, 2018"
GSM2548040	"E_minus:TTATGCGACTC"	"SRA"	"Mus musculus"	1	GPL19057	GSE96982;GSE96986			SRX2670067	"Christophe Lancrin"	"Mar 20, 2018"
GSM2548041	"E_minus:TTAGGAGTATA"	"SRA"	"Mus musculus"	1	GPL19057	GSE96982;GSE96986			SRX2670068	"Christophe Lancrin"	"Mar 20, 2018"
GSM2548042	"E_minus:TTAGATCCGCC"	"SRA"	"Mus musculus"	1	GPL19057	GSE96982;GSE96986			SRX2670069	"Christophe Lancrin"	"Mar 20, 2018"
GSM2548043	"E_minus:TTAGATGATAC"	"SRA"	"Mus musculus"	1	GPL19057	GSE96982;GSE96986			SRX2670070	"Christophe Lancrin"	"Mar 20, 2018"
GSM2548044	"E_minus:TTCAGGAGGCA"	"SRA"	"Mus musculus"	1	GPL19057	GSE96982;GSE96986			SRX2670071	"Christophe Lancrin"	"Mar 20, 2018"
GSM2548045	"E_minus:TTACTGCTTAC"	"SRA"	"Mus musculus"	1	GPL19057	GSE96982;GSE96986			SRX2670072	"Christophe Lancrin"	"Mar 20, 2018"
GSM2548046	"E_minus:TTAGAAGCGAA"	"SRA"	"Mus musculus"	1	GPL19057	GSE96982;GSE96986			SRX2670073	"Christophe Lancrin"	"Mar 20, 2018"
GSM2548047	"E_minus:TTATACGTATC"	"SRA"	"Mus musculus"	1	GPL19057	GSE96982;GSE96986			SRX2670074	"Christophe Lancrin"	"Mar 20, 2018"
GSM2548048	"E_minus:TTATAAGCTGA"	"SRA"	"Mus musculus"	1	GPL19057	GSE96982;GSE96986			SRX2670075	"Christophe Lancrin"	"Mar 20, 2018"
GSM2548049	"E_minus:TTATAACTTAC"	"SRA"	"Mus musculus"	1	GPL19057	GSE96982;GSE96986			SRX2670076	"Christophe Lancrin"	"Mar 20, 2018"
GSM2548050	"E_minus:TTCGTATTGCC"	"SRA"	"Mus musculus"	1	GPL19057	GSE96982;GSE96986			SRX2670077	"Christophe Lancrin"	"Mar 20, 2018"
GSM2548051	"E_minus:TTCGCCTCCGA"	"SRA"	"Mus musculus"	1	GPL19057	GSE96982;GSE96986			SRX2670078	"Christophe Lancrin"	"Mar 20, 2018"
GSM2548052	"E_minus:TTCGAGATCAT"	"SRA"	"Mus musculus"	1	GPL19057	GSE96982;GSE96986			SRX2670079	"Christophe Lancrin"	"Mar 20, 2018"
GSM2548053	"E_minus:TTGAGCGATAG"	"SRA"	"Mus musculus"	1	GPL19057	GSE96982;GSE96986			SRX2670080	"Christophe Lancrin"	"Mar 20, 2018"
GSM2548054	"E_minus:TTGATATACTA"	"SRA"	"Mus musculus"	1	GPL19057	GSE96982;GSE96986			SRX2670081	"Christophe Lancrin"	"Mar 20, 2018"
GSM2548055	"E_minus:TTGAGAACCGA"	"SRA"	"Mus musculus"	1	GPL19057	GSE96982;GSE96986			SRX2670082	"Christophe Lancrin"	"Mar 20, 2018"
GSM2548056	"E_minus:TTGAAGTAACC"	"SRA"	"Mus musculus"	1	GPL19057	GSE96982;GSE96986			SRX2670083	"Christophe Lancrin"	"Mar 20, 2018"
GSM2548057	"E_minus:TTGACGACCTG"	"SRA"	"Mus musculus"	1	GPL19057	GSE96982;GSE96986			SRX2670084	"Christophe Lancrin"	"Mar 20, 2018"
GSM2548058	"E_minus:TTCTTATCCGC"	"SRA"	"Mus musculus"	1	GPL19057	GSE96982;GSE96986			SRX2670085	"Christophe Lancrin"	"Mar 20, 2018"
GSM2548059	"E_minus:TTGAACGCCTG"	"SRA"	"Mus musculus"	1	GPL19057	GSE96982;GSE96986			SRX2670086	"Christophe Lancrin"	"Mar 20, 2018"
GSM2548060	"E_minus:TTCTTAGCGAG"	"SRA"	"Mus musculus"	1	GPL19057	GSE96982;GSE96986			SRX2670087	"Christophe Lancrin"	"Mar 20, 2018"
GSM2548061	"E_minus:TTGCTAATGAA"	"SRA"	"Mus musculus"	1	GPL19057	GSE96982;GSE96986			SRX2670088	"Christophe Lancrin"	"Mar 20, 2018"
GSM2548062	"E_minus:TTGCGCGCTCA"	"SRA"	"Mus musculus"	1	GPL19057	GSE96982;GSE96986			SRX2670089	"Christophe Lancrin"	"Mar 20, 2018"
GSM2548063	"E_minus:TTGCGCGGTTC"	"SRA"	"Mus musculus"	1	GPL19057	GSE96982;GSE96986			SRX2670090	"Christophe Lancrin"	"Mar 20, 2018"
GSM2548064	"E_minus:TTGCCGGAACC"	"SRA"	"Mus musculus"	1	GPL19057	GSE96982;GSE96986			SRX2670091	"Christophe Lancrin"	"Mar 20, 2018"
GSM2548065	"E_minus:TTGCCGCATAT"	"SRA"	"Mus musculus"	1	GPL19057	GSE96982;GSE96986			SRX2670092	"Christophe Lancrin"	"Mar 20, 2018"
GSM2548066	"E_minus:TTGCCTGGCTC"	"SRA"	"Mus musculus"	1	GPL19057	GSE96982;GSE96986			SRX2670093	"Christophe Lancrin"	"Mar 20, 2018"
GSM2548067	"E_minus:TTGCCGCTGGA"	"SRA"	"Mus musculus"	1	GPL19057	GSE96982;GSE96986			SRX2670094	"Christophe Lancrin"	"Mar 20, 2018"
GSM2548068	"E_minus:TTGATGCAATC"	"SRA"	"Mus musculus"	1	GPL19057	GSE96982;GSE96986			SRX2670095	"Christophe Lancrin"	"Mar 20, 2018"
GSM2548069	"E_plus:CGACCTTGGTA"	"SRA"	"Mus musculus"	1	GPL19057	GSE96982;GSE96986			SRX2670096	"Christophe Lancrin"	"Mar 20, 2018"
GSM2548070	"E_plus:CGACTCAACTG"	"SRA"	"Mus musculus"	1	GPL19057	GSE96982;GSE96986			SRX2670097	"Christophe Lancrin"	"Mar 20, 2018"
GSM2548071	"E_plus:CGACCATCGAA"	"SRA"	"Mus musculus"	1	GPL19057	GSE96982;GSE96986			SRX2670098	"Christophe Lancrin"	"Mar 20, 2018"
GSM2548072	"E_plus:CGACCGATCGT"	"SRA"	"Mus musculus"	1	GPL19057	GSE96982;GSE96986			SRX2670099	"Christophe Lancrin"	"Mar 20, 2018"
GSM2548073	"E_plus:CCGACTAAGCA"	"SRA"	"Mus musculus"	1	GPL19057	GSE96982;GSE96986			SRX2670100	"Christophe Lancrin"	"Mar 20, 2018"
GSM2548074	"E_plus:CCGAGCGAGCG"	"SRA"	"Mus musculus"	1	GPL19057	GSE96982;GSE96986			SRX2670101	"Christophe Lancrin"	"Mar 20, 2018"
GSM2548075	"E_plus:CGACTATAGTT"	"SRA"	"Mus musculus"	1	GPL19057	GSE96982;GSE96986			SRX2670102	"Christophe Lancrin"	"Mar 20, 2018"
GSM2548076	"E_plus:CGAAGTTGATA"	"SRA"	"Mus musculus"	1	GPL19057	GSE96982;GSE96986			SRX2670103	"Christophe Lancrin"	"Mar 20, 2018"
GSM2548077	"E_plus:CGAATCTAATT"	"SRA"	"Mus musculus"	1	GPL19057	GSE96982;GSE96986			SRX2670104	"Christophe Lancrin"	"Mar 20, 2018"
GSM2548078	"E_plus:CCGCATCGAGT"	"SRA"	"Mus musculus"	1	GPL19057	GSE96982;GSE96986			SRX2670105	"Christophe Lancrin"	"Mar 20, 2018"
GSM2548079	"E_plus:CGAGGTTATAG"	"SRA"	"Mus musculus"	1	GPL19057	GSE96982;GSE96986			SRX2670106	"Christophe Lancrin"	"Mar 20, 2018"
GSM2548080	"E_plus:CGAGGTTGAGT"	"SRA"	"Mus musculus"	1	GPL19057	GSE96982;GSE96986			SRX2670107	"Christophe Lancrin"	"Mar 20, 2018"
GSM2548081	"E_plus:CCGCCAAGAAT"	"SRA"	"Mus musculus"	1	GPL19057	GSE96982;GSE96986			SRX2670108	"Christophe Lancrin"	"Mar 20, 2018"
GSM2548082	"E_plus:CCGCAGGCCGG"	"SRA"	"Mus musculus"	1	GPL19057	GSE96982;GSE96986			SRX2670109	"Christophe Lancrin"	"Mar 20, 2018"
GSM2548083	"E_plus:CGATTGGTAAC"	"SRA"	"Mus musculus"	1	GPL19057	GSE96982;GSE96986			SRX2670110	"Christophe Lancrin"	"Mar 20, 2018"
GSM2548084	"E_plus:CCGCCTTGCAT"	"SRA"	"Mus musculus"	1	GPL19057	GSE96982;GSE96986			SRX2670111	"Christophe Lancrin"	"Mar 20, 2018"
GSM2548085	"E_plus:CCGCTAGACTT"	"SRA"	"Mus musculus"	1	GPL19057	GSE96982;GSE96986			SRX2670112	"Christophe Lancrin"	"Mar 20, 2018"
GSM2548086	"E_plus:CCGCCTGGAAG"	"SRA"	"Mus musculus"	1	GPL19057	GSE96982;GSE96986			SRX2670113	"Christophe Lancrin"	"Mar 20, 2018"
GSM2548087	"E_plus:CGAGTAACTTC"	"SRA"	"Mus musculus"	1	GPL19057	GSE96982;GSE96986			SRX2670114	"Christophe Lancrin"	"Mar 20, 2018"
GSM2548088	"E_plus:CGAGTTGAGAC"	"SRA"	"Mus musculus"	1	GPL19057	GSE96982;GSE96986			SRX2670115	"Christophe Lancrin"	"Mar 20, 2018"
GSM2548089	"E_plus:CCGGCTCGACC"	"SRA"	"Mus musculus"	1	GPL19057	GSE96982;GSE96986			SRX2670116	"Christophe Lancrin"	"Mar 20, 2018"
GSM2548090	"E_plus:CCGCTTCAGCA"	"SRA"	"Mus musculus"	1	GPL19057	GSE96982;GSE96986			SRX2670117	"Christophe Lancrin"	"Mar 20, 2018"
GSM2548091	"E_plus:CCGGTCTACGA"	"SRA"	"Mus musculus"	1	GPL19057	GSE96982;GSE96986			SRX2670118	"Christophe Lancrin"	"Mar 20, 2018"
GSM2548092	"E_plus:CCGCTTGCGCT"	"SRA"	"Mus musculus"	1	GPL19057	GSE96982;GSE96986			SRX2670119	"Christophe Lancrin"	"Mar 20, 2018"
GSM2548093	"E_plus:CGCAGTAGTTG"	"SRA"	"Mus musculus"	1	GPL19057	GSE96982;GSE96986			SRX2670120	"Christophe Lancrin"	"Mar 20, 2018"
GSM2548094	"E_plus:CGCAACTGATC"	"SRA"	"Mus musculus"	1	GPL19057	GSE96982;GSE96986			SRX2670121	"Christophe Lancrin"	"Mar 20, 2018"
GSM2548095	"E_plus:CCGCCTCAGTC"	"SRA"	"Mus musculus"	1	GPL19057	GSE96982;GSE96986			SRX2670122	"Christophe Lancrin"	"Mar 20, 2018"
GSM2548096	"E_plus:CCGCCTGCAGT"	"SRA"	"Mus musculus"	1	GPL19057	GSE96982;GSE96986			SRX2670123	"Christophe Lancrin"	"Mar 20, 2018"
GSM2548097	"E_plus:CGCCTAAGACG"	"SRA"	"Mus musculus"	1	GPL19057	GSE96982;GSE96986			SRX2670124	"Christophe Lancrin"	"Mar 20, 2018"
GSM2548098	"E_plus:CGCGAGAGATA"	"SRA"	"Mus musculus"	1	GPL19057	GSE96982;GSE96986			SRX2670125	"Christophe Lancrin"	"Mar 20, 2018"
GSM2548099	"E_plus:CGCCAAGCTGC"	"SRA"	"Mus musculus"	1	GPL19057	GSE96982;GSE96986			SRX2670126	"Christophe Lancrin"	"Mar 20, 2018"
GSM2548100	"E_plus:CGCCAAGTAAG"	"SRA"	"Mus musculus"	1	GPL19057	GSE96982;GSE96986			SRX2670127	"Christophe Lancrin"	"Mar 20, 2018"
GSM2548101	"E_plus:CCGTAACCAGA"	"SRA"	"Mus musculus"	1	GPL19057	GSE96982;GSE96986			SRX2670128	"Christophe Lancrin"	"Mar 20, 2018"
GSM2548102	"E_plus:CGCCATCAACT"	"SRA"	"Mus musculus"	1	GPL19057	GSE96982;GSE96986			SRX2670129	"Christophe Lancrin"	"Mar 20, 2018"
GSM2548103	"E_plus:CGCCTATAATC"	"SRA"	"Mus musculus"	1	GPL19057	GSE96982;GSE96986			SRX2670130	"Christophe Lancrin"	"Mar 20, 2018"
GSM2548104	"E_plus:CGCCAACTCGG"	"SRA"	"Mus musculus"	1	GPL19057	GSE96982;GSE96986			SRX2670131	"Christophe Lancrin"	"Mar 20, 2018"
GSM2548105	"E_plus:CGCCATCAGAG"	"SRA"	"Mus musculus"	1	GPL19057	GSE96982;GSE96986			SRX2670132	"Christophe Lancrin"	"Mar 20, 2018"
GSM2548106	"E_plus:CGCCTCAATCC"	"SRA"	"Mus musculus"	1	GPL19057	GSE96982;GSE96986			SRX2670133	"Christophe Lancrin"	"Mar 20, 2018"
GSM2548107	"E_plus:CGCCATAGGAT"	"SRA"	"Mus musculus"	1	GPL19057	GSE96982;GSE96986			SRX2670134	"Christophe Lancrin"	"Mar 20, 2018"
GSM2548108	"E_plus:CGTTGCATTGC"	"SRA"	"Mus musculus"	1	GPL19057	GSE96982;GSE96986			SRX2670135	"Christophe Lancrin"	"Mar 20, 2018"
GSM2548109	"E_plus:CTCCTGGCTCG"	"SRA"	"Mus musculus"	1	GPL19057	GSE96982;GSE96986			SRX2670136	"Christophe Lancrin"	"Mar 20, 2018"
GSM2548110	"E_plus:CTCGCAGTAAT"	"SRA"	"Mus musculus"	1	GPL19057	GSE96982;GSE96986			SRX2670137	"Christophe Lancrin"	"Mar 20, 2018"
GSM2548111	"E_plus:CTCGGTTCGCT"	"SRA"	"Mus musculus"	1	GPL19057	GSE96982;GSE96986			SRX2670138	"Christophe Lancrin"	"Mar 20, 2018"
GSM2548112	"E_plus:CGTTGAATCGA"	"SRA"	"Mus musculus"	1	GPL19057	GSE96982;GSE96986			SRX2670139	"Christophe Lancrin"	"Mar 20, 2018"
GSM2548113	"E_plus:CGTTGATAATC"	"SRA"	"Mus musculus"	1	GPL19057	GSE96982;GSE96986			SRX2670140	"Christophe Lancrin"	"Mar 20, 2018"
GSM2548114	"E_plus:CGTTGACCAGC"	"SRA"	"Mus musculus"	1	GPL19057	GSE96982;GSE96986			SRX2670141	"Christophe Lancrin"	"Mar 20, 2018"
GSM2548115	"E_plus:CTCTCGCTGCC"	"SRA"	"Mus musculus"	1	GPL19057	GSE96982;GSE96986			SRX2670142	"Christophe Lancrin"	"Mar 20, 2018"
GSM2548116	"E_plus:CTACGTCTGCA"	"SRA"	"Mus musculus"	1	GPL19057	GSE96982;GSE96986			SRX2670143	"Christophe Lancrin"	"Mar 20, 2018"
GSM2548117	"E_plus:CTAGCTCAAGA"	"SRA"	"Mus musculus"	1	GPL19057	GSE96982;GSE96986			SRX2670144	"Christophe Lancrin"	"Mar 20, 2018"
GSM2548118	"E_plus:CTACGATATTC"	"SRA"	"Mus musculus"	1	GPL19057	GSE96982;GSE96986			SRX2670145	"Christophe Lancrin"	"Mar 20, 2018"
GSM2548119	"E_plus:CTAGCTGCATT"	"SRA"	"Mus musculus"	1	GPL19057	GSE96982;GSE96986			SRX2670146	"Christophe Lancrin"	"Mar 20, 2018"
GSM2548120	"E_plus:CTAACGGTCAA"	"SRA"	"Mus musculus"	1	GPL19057	GSE96982;GSE96986			SRX2670147	"Christophe Lancrin"	"Mar 20, 2018"
GSM2548121	"E_plus:CTCGGCTCCGC"	"SRA"	"Mus musculus"	1	GPL19057	GSE96982;GSE96986			SRX2670148	"Christophe Lancrin"	"Mar 20, 2018"
GSM2548122	"E_plus:CTCGCATACGG"	"SRA"	"Mus musculus"	1	GPL19057	GSE96982;GSE96986			SRX2670149	"Christophe Lancrin"	"Mar 20, 2018"
GSM2548123	"E_plus:CTCTAACGGAC"	"SRA"	"Mus musculus"	1	GPL19057	GSE96982;GSE96986			SRX2670150	"Christophe Lancrin"	"Mar 20, 2018"
GSM2548124	"E_plus:CTCCTTGCTTA"	"SRA"	"Mus musculus"	1	GPL19057	GSE96982;GSE96986			SRX2670151	"Christophe Lancrin"	"Mar 20, 2018"
GSM2548125	"E_plus:CTATCGTCCAG"	"SRA"	"Mus musculus"	1	GPL19057	GSE96982;GSE96986			SRX2670152	"Christophe Lancrin"	"Mar 20, 2018"
GSM2548126	"E_plus:CTCAATCGATA"	"SRA"	"Mus musculus"	1	GPL19057	GSE96982;GSE96986			SRX2670153	"Christophe Lancrin"	"Mar 20, 2018"
GSM2548127	"E_plus:CTCTCTGGTTA"	"SRA"	"Mus musculus"	1	GPL19057	GSE96982;GSE96986			SRX2670154	"Christophe Lancrin"	"Mar 20, 2018"
GSM2548128	"E_plus:CTCTGCTGCAG"	"SRA"	"Mus musculus"	1	GPL19057	GSE96982;GSE96986			SRX2670155	"Christophe Lancrin"	"Mar 20, 2018"
GSM2548129	"E_plus:CTACCAACTCG"	"SRA"	"Mus musculus"	1	GPL19057	GSE96982;GSE96986			SRX2670156	"Christophe Lancrin"	"Mar 20, 2018"
GSM2548130	"E_plus:CTAGCCATGCC"	"SRA"	"Mus musculus"	1	GPL19057	GSE96982;GSE96986			SRX2670157	"Christophe Lancrin"	"Mar 20, 2018"
GSM2548131	"E_plus:CTATATCATGA"	"SRA"	"Mus musculus"	1	GPL19057	GSE96982;GSE96986			SRX2670158	"Christophe Lancrin"	"Mar 20, 2018"
GSM2548132	"E_plus:CTGATCCAACG"	"SRA"	"Mus musculus"	1	GPL19057	GSE96982;GSE96986			SRX2670159	"Christophe Lancrin"	"Mar 20, 2018"
GSM2548133	"E_plus:CTGAGATTCTC"	"SRA"	"Mus musculus"	1	GPL19057	GSE96982;GSE96986			SRX2670160	"Christophe Lancrin"	"Mar 20, 2018"
GSM2548134	"E_plus:CTGCCTTCCGA"	"SRA"	"Mus musculus"	1	GPL19057	GSE96982;GSE96986			SRX2670161	"Christophe Lancrin"	"Mar 20, 2018"
GSM2548135	"E_plus:CTCCATAAGGT"	"SRA"	"Mus musculus"	1	GPL19057	GSE96982;GSE96986			SRX2670162	"Christophe Lancrin"	"Mar 20, 2018"
GSM2548136	"E_plus:CTATTACGCGA"	"SRA"	"Mus musculus"	1	GPL19057	GSE96982;GSE96986			SRX2670163	"Christophe Lancrin"	"Mar 20, 2018"
GSM2548137	"E_plus:CTCCAGGCAAG"	"SRA"	"Mus musculus"	1	GPL19057	GSE96982;GSE96986			SRX2670164	"Christophe Lancrin"	"Mar 20, 2018"
GSM2548138	"E_plus:CTCCAACGCCG"	"SRA"	"Mus musculus"	1	GPL19057	GSE96982;GSE96986			SRX2670165	"Christophe Lancrin"	"Mar 20, 2018"
GSM2548139	"E_plus:CTGAGTTAACC"	"SRA"	"Mus musculus"	1	GPL19057	GSE96982;GSE96986			SRX2670166	"Christophe Lancrin"	"Mar 20, 2018"
GSM2548140	"E_plus:TTGGTCAAGCT"	"SRA"	"Mus musculus"	1	GPL19057	GSE96982;GSE96986			SRX2670167	"Christophe Lancrin"	"Mar 20, 2018"
GSM2548141	"E_plus:TTGGTTGCGTA"	"SRA"	"Mus musculus"	1	GPL19057	GSE96982;GSE96986			SRX2670168	"Christophe Lancrin"	"Mar 20, 2018"
GSM2548142	"E_plus:TTGGTAGGACC"	"SRA"	"Mus musculus"	1	GPL19057	GSE96982;GSE96986			SRX2670169	"Christophe Lancrin"	"Mar 20, 2018"
GSM2548143	"E_plus:TCTATGAATTG"	"SRA"	"Mus musculus"	1	GPL19057	GSE96982;GSE96986			SRX2670170	"Christophe Lancrin"	"Mar 20, 2018"
GSM2548144	"E_plus:TCTAATGGCGG"	"SRA"	"Mus musculus"	1	GPL19057	GSE96982;GSE96986			SRX2670171	"Christophe Lancrin"	"Mar 20, 2018"
GSM2548145	"E_plus:TTGGTCTGACG"	"SRA"	"Mus musculus"	1	GPL19057	GSE96982;GSE96986			SRX2670172	"Christophe Lancrin"	"Mar 20, 2018"
GSM2548146	"E_plus:TTGGTAGCTGA"	"SRA"	"Mus musculus"	1	GPL19057	GSE96982;GSE96986			SRX2670173	"Christophe Lancrin"	"Mar 20, 2018"
GSM2548147	"E_plus:TGGAGGTCAAT"	"SRA"	"Mus musculus"	1	GPL19057	GSE96982;GSE96986			SRX2670174	"Christophe Lancrin"	"Mar 20, 2018"
GSM2548148	"E_plus:TGGACTTACGC"	"SRA"	"Mus musculus"	1	GPL19057	GSE96982;GSE96986			SRX2670175	"Christophe Lancrin"	"Mar 20, 2018"
GSM2548149	"E_plus:TGGAGACGATG"	"SRA"	"Mus musculus"	1	GPL19057	GSE96982;GSE96986			SRX2670176	"Christophe Lancrin"	"Mar 20, 2018"
GSM2548150	"E_plus:TGGAGGCGGCT"	"SRA"	"Mus musculus"	1	GPL19057	GSE96982;GSE96986			SRX2670177	"Christophe Lancrin"	"Mar 20, 2018"
GSM2548151	"E_plus:TGGAGACTACC"	"SRA"	"Mus musculus"	1	GPL19057	GSE96982;GSE96986			SRX2670178	"Christophe Lancrin"	"Mar 20, 2018"
GSM2548152	"E_plus:TGGCTCAACCA"	"SRA"	"Mus musculus"	1	GPL19057	GSE96982;GSE96986			SRX2670179	"Christophe Lancrin"	"Mar 20, 2018"
GSM2548153	"E_plus:TGGCGTCAGCA"	"SRA"	"Mus musculus"	1	GPL19057	GSE96982;GSE96986			SRX2670180	"Christophe Lancrin"	"Mar 20, 2018"
GSM2548154	"E_plus:TGGCGTTCCAG"	"SRA"	"Mus musculus"	1	GPL19057	GSE96982;GSE96986			SRX2670181	"Christophe Lancrin"	"Mar 20, 2018"
GSM2548155	"E_plus:TGGCGGAAGCT"	"SRA"	"Mus musculus"	1	GPL19057	GSE96982;GSE96986			SRX2670182	"Christophe Lancrin"	"Mar 20, 2018"
GSM2548156	"E_plus:TGGCGGCCTCC"	"SRA"	"Mus musculus"	1	GPL19057	GSE96982;GSE96986			SRX2670183	"Christophe Lancrin"	"Mar 20, 2018"
GSM2548157	"E_plus:TGGAGATTAAG"	"SRA"	"Mus musculus"	1	GPL19057	GSE96982;GSE96986			SRX2670184	"Christophe Lancrin"	"Mar 20, 2018"
GSM2548158	"E_plus:TGGCTTGGTAG"	"SRA"	"Mus musculus"	1	GPL19057	GSE96982;GSE96986			SRX2670185	"Christophe Lancrin"	"Mar 20, 2018"
GSM2548159	"E_plus:TGGCTTGCAGA"	"SRA"	"Mus musculus"	1	GPL19057	GSE96982;GSE96986			SRX2670186	"Christophe Lancrin"	"Mar 20, 2018"
GSM2548160	"E_plus:TGGATAGAGAA"	"SRA"	"Mus musculus"	1	GPL19057	GSE96982;GSE96986			SRX2670187	"Christophe Lancrin"	"Mar 20, 2018"
GSM2548161	"E_plus:TGGATAGCGTC"	"SRA"	"Mus musculus"	1	GPL19057	GSE96982;GSE96986			SRX2670188	"Christophe Lancrin"	"Mar 20, 2018"
GSM2548162	"E_plus:TGGCTCGTTGG"	"SRA"	"Mus musculus"	1	GPL19057	GSE96982;GSE96986			SRX2670189	"Christophe Lancrin"	"Mar 20, 2018"
GSM2548163	"E_plus:TGGCTATGCCG"	"SRA"	"Mus musculus"	1	GPL19057	GSE96982;GSE96986			SRX2670190	"Christophe Lancrin"	"Mar 20, 2018"
GSM2548164	"E_plus:TGGCGTCAATT"	"SRA"	"Mus musculus"	1	GPL19057	GSE96982;GSE96986			SRX2670191	"Christophe Lancrin"	"Mar 20, 2018"
GSM2548165	"E_plus:TGGCTACGTCC"	"SRA"	"Mus musculus"	1	GPL19057	GSE96982;GSE96986			SRX2670192	"Christophe Lancrin"	"Mar 20, 2018"
GSM2548166	"E_plus:TGGCAACCAGC"	"SRA"	"Mus musculus"	1	GPL19057	GSE96982;GSE96986			SRX2670193	"Christophe Lancrin"	"Mar 20, 2018"
GSM2548167	"E_plus:TGGATGCTGAG"	"SRA"	"Mus musculus"	1	GPL19057	GSE96982;GSE96986			SRX2670194	"Christophe Lancrin"	"Mar 20, 2018"
GSM2548168	"E_plus:TGGATGGCAGT"	"SRA"	"Mus musculus"	1	GPL19057	GSE96982;GSE96986			SRX2670195	"Christophe Lancrin"	"Mar 20, 2018"
GSM2548169	"E_plus:TGGTAATGAGT"	"SRA"	"Mus musculus"	1	GPL19057	GSE96982;GSE96986			SRX2670196	"Christophe Lancrin"	"Mar 20, 2018"
GSM2548170	"E_plus:TGGTACTTCAA"	"SRA"	"Mus musculus"	1	GPL19057	GSE96982;GSE96986			SRX2670197	"Christophe Lancrin"	"Mar 20, 2018"
GSM2548171	"E_plus:TGGCTGCGCCT"	"SRA"	"Mus musculus"	1	GPL19057	GSE96982;GSE96986			SRX2670198	"Christophe Lancrin"	"Mar 20, 2018"
GSM2548172	"E_plus:TGGAGTTGACC"	"SRA"	"Mus musculus"	1	GPL19057	GSE96982;GSE96986			SRX2670199	"Christophe Lancrin"	"Mar 20, 2018"
GSM2548173	"E_plus:TGGATAAGTCG"	"SRA"	"Mus musculus"	1	GPL19057	GSE96982;GSE96986			SRX2670200	"Christophe Lancrin"	"Mar 20, 2018"
GSM2548174	"E_plus:TGGATACGCCA"	"SRA"	"Mus musculus"	1	GPL19057	GSE96982;GSE96986			SRX2670201	"Christophe Lancrin"	"Mar 20, 2018"
GSM2548175	"E_plus:TGGTCCAGATT"	"SRA"	"Mus musculus"	1	GPL19057	GSE96982;GSE96986			SRX2670202	"Christophe Lancrin"	"Mar 20, 2018"
GSM2548176	"E_plus:TGGTCAGTTCG"	"SRA"	"Mus musculus"	1	GPL19057	GSE96982;GSE96986			SRX2670203	"Christophe Lancrin"	"Mar 20, 2018"
GSM2548177	"E_plus:TGGTCCATTGG"	"SRA"	"Mus musculus"	1	GPL19057	GSE96982;GSE96986			SRX2670204	"Christophe Lancrin"	"Mar 20, 2018"
GSM2548178	"E_plus:TGGCAGGATGC"	"SRA"	"Mus musculus"	1	GPL19057	GSE96982;GSE96986			SRX2670205	"Christophe Lancrin"	"Mar 20, 2018"
GSM2548179	"E_plus:TGGTATAAGTA"	"SRA"	"Mus musculus"	1	GPL19057	GSE96982;GSE96986			SRX2670206	"Christophe Lancrin"	"Mar 20, 2018"
GSM2548180	"E_plus:TGGTAGCTATA"	"SRA"	"Mus musculus"	1	GPL19057	GSE96982;GSE96986			SRX2670207	"Christophe Lancrin"	"Mar 20, 2018"
GSM2548181	"E_plus:TGGCGCGCAAG"	"SRA"	"Mus musculus"	1	GPL19057	GSE96982;GSE96986			SRX2670208	"Christophe Lancrin"	"Mar 20, 2018"
GSM2548182	"E_plus:TGGTCCTGAGC"	"SRA"	"Mus musculus"	1	GPL19057	GSE96982;GSE96986			SRX2670209	"Christophe Lancrin"	"Mar 20, 2018"
GSM2548183	"E_plus:TGGTCTAGCGG"	"SRA"	"Mus musculus"	1	GPL19057	GSE96982;GSE96986			SRX2670210	"Christophe Lancrin"	"Mar 20, 2018"
GSM2548184	"E_plus:TGGTTAGATTG"	"SRA"	"Mus musculus"	1	GPL19057	GSE96982;GSE96986			SRX2670211	"Christophe Lancrin"	"Mar 20, 2018"
GSM2548185	"E_plus:TGGCGAGTTGC"	"SRA"	"Mus musculus"	1	GPL19057	GSE96982;GSE96986			SRX2670212	"Christophe Lancrin"	"Mar 20, 2018"
GSM2548186	"E_plus:TGGCCGAGCTG"	"SRA"	"Mus musculus"	1	GPL19057	GSE96982;GSE96986			SRX2670213	"Christophe Lancrin"	"Mar 20, 2018"
GSM2548187	"E_plus:TGGCGAGACTG"	"SRA"	"Mus musculus"	1	GPL19057	GSE96982;GSE96986			SRX2670214	"Christophe Lancrin"	"Mar 20, 2018"
GSM2548188	"E_plus:TTCTCCGAGGT"	"SRA"	"Mus musculus"	1	GPL19057	GSE96982;GSE96986			SRX2670215	"Christophe Lancrin"	"Mar 20, 2018"
GSM2548189	"E_plus:TTCGTCTCTAA"	"SRA"	"Mus musculus"	1	GPL19057	GSE96982;GSE96986			SRX2670216	"Christophe Lancrin"	"Mar 20, 2018"
GSM2548190	"E_plus:TTCGCGGAATC"	"SRA"	"Mus musculus"	1	GPL19057	GSE96982;GSE96986			SRX2670217	"Christophe Lancrin"	"Mar 20, 2018"
GSM2548191	"E_plus:TTCGCGGAGCA"	"SRA"	"Mus musculus"	1	GPL19057	GSE96982;GSE96986			SRX2670218	"Christophe Lancrin"	"Mar 20, 2018"
GSM2548192	"E_plus:TTCGGATAATG"	"SRA"	"Mus musculus"	1	GPL19057	GSE96982;GSE96986			SRX2670219	"Christophe Lancrin"	"Mar 20, 2018"
GSM2548193	"E_plus:TTCGGTCGCCA"	"SRA"	"Mus musculus"	1	GPL19057	GSE96982;GSE96986			SRX2670220	"Christophe Lancrin"	"Mar 20, 2018"
GSM2548194	"E_plus:TTCGCGCGTCA"	"SRA"	"Mus musculus"	1	GPL19057	GSE96982;GSE96986			SRX2670221	"Christophe Lancrin"	"Mar 20, 2018"
GSM2548195	"E_plus:TTGATAAGTAC"	"SRA"	"Mus musculus"	1	GPL19057	GSE96982;GSE96986			SRX2670222	"Christophe Lancrin"	"Mar 20, 2018"
GSM2548196	"E_plus:TTGAGACTGGC"	"SRA"	"Mus musculus"	1	GPL19057	GSE96982;GSE96986			SRX2670223	"Christophe Lancrin"	"Mar 20, 2018"
GSM2548197	"E_plus:TTGAAGCTAGG"	"SRA"	"Mus musculus"	1	GPL19057	GSE96982;GSE96986			SRX2670224	"Christophe Lancrin"	"Mar 20, 2018"
GSM2548198	"E_plus:TTGAAGCTTCT"	"SRA"	"Mus musculus"	1	GPL19057	GSE96982;GSE96986			SRX2670225	"Christophe Lancrin"	"Mar 20, 2018"
GSM2548199	"E_plus:TTCTTAAGATG"	"SRA"	"Mus musculus"	1	GPL19057	GSE96982;GSE96986			SRX2670226	"Christophe Lancrin"	"Mar 20, 2018"
GSM2548200	"E_plus:TTCTGGTTAAC"	"SRA"	"Mus musculus"	1	GPL19057	GSE96982;GSE96986			SRX2670227	"Christophe Lancrin"	"Mar 20, 2018"
GSM2548201	"E_plus:TTGCGGAGCCG"	"SRA"	"Mus musculus"	1	GPL19057	GSE96982;GSE96986			SRX2670228	"Christophe Lancrin"	"Mar 20, 2018"
GSM2548202	"E_plus:TTGCGTATCTG"	"SRA"	"Mus musculus"	1	GPL19057	GSE96982;GSE96986			SRX2670229	"Christophe Lancrin"	"Mar 20, 2018"
GSM2548203	"E_plus:TTGCGGACGCC"	"SRA"	"Mus musculus"	1	GPL19057	GSE96982;GSE96986			SRX2670230	"Christophe Lancrin"	"Mar 20, 2018"
GSM2548204	"E_plus:TTGCAGTCTAC"	"SRA"	"Mus musculus"	1	GPL19057	GSE96982;GSE96986			SRX2670231	"Christophe Lancrin"	"Mar 20, 2018"
GSM2548205	"E_plus:TTGCCATCATT"	"SRA"	"Mus musculus"	1	GPL19057	GSE96982;GSE96986			SRX2670232	"Christophe Lancrin"	"Mar 20, 2018"
GSM2548206	"E_plus:TTGCCTATGGC"	"SRA"	"Mus musculus"	1	GPL19057	GSE96982;GSE96986			SRX2670233	"Christophe Lancrin"	"Mar 20, 2018"
GSM2548207	"E_plus:TTGCAAGCGAT"	"SRA"	"Mus musculus"	1	GPL19057	GSE96982;GSE96986			SRX2670234	"Christophe Lancrin"	"Mar 20, 2018"
GSM2548208	"E_plus:TTGATCGCGCA"	"SRA"	"Mus musculus"	1	GPL19057	GSE96982;GSE96986			SRX2670235	"Christophe Lancrin"	"Mar 20, 2018"
GSM2548209	"E_plus:CCGGTCCAGAG"	"SRA"	"Mus musculus"	1	GPL19057	GSE96982;GSE96986			SRX2670236	"Christophe Lancrin"	"Mar 20, 2018"
GSM2548210	"E_plus:CGATTCTAGAT"	"SRA"	"Mus musculus"	1	GPL19057	GSE96982;GSE96986			SRX2670237	"Christophe Lancrin"	"Mar 20, 2018"
GSM2548211	"E_plus:CGTTGGTACTG"	"SRA"	"Mus musculus"	1	GPL19057	GSE96982;GSE96986			SRX2670238	"Christophe Lancrin"	"Mar 20, 2018"
GSM2548212	"E_plus:CTCTAACTAGA"	"SRA"	"Mus musculus"	1	GPL19057	GSE96982;GSE96986			SRX2670239	"Christophe Lancrin"	"Mar 20, 2018"
GSM2548213	"E_plus:CTATGGTTAGC"	"SRA"	"Mus musculus"	1	GPL19057	GSE96982;GSE96986			SRX2670240	"Christophe Lancrin"	"Mar 20, 2018"
GSM2548214	"E_plus:TCTATGATTCC"	"SRA"	"Mus musculus"	1	GPL19057	GSE96982;GSE96986			SRX2670241	"Christophe Lancrin"	"Mar 20, 2018"
GSM2548215	"E_plus:TCGTTGCGTAC"	"SRA"	"Mus musculus"	1	GPL19057	GSE96982;GSE96986			SRX2670242	"Christophe Lancrin"	"Mar 20, 2018"
GSM2548216	"E_plus:TTGATTCAGAT"	"SRA"	"Mus musculus"	1	GPL19057	GSE96982;GSE96986			SRX2670243	"Christophe Lancrin"	"Mar 20, 2018"
GSM2548217	"E_plus:TTGATCGTCGA"	"SRA"	"Mus musculus"	1	GPL19057	GSE96982;GSE96986			SRX2670244	"Christophe Lancrin"	"Mar 20, 2018"
GSM2548218	"E_plus:TTGATGATTGG"	"SRA"	"Mus musculus"	1	GPL19057	GSE96982;GSE96986			SRX2670245	"Christophe Lancrin"	"Mar 20, 2018"
GSM2548219	"i8TFs_minus:AACTGAGTTCG"	"SRA"	"Mus musculus"	1	GPL19057	GSE96982;GSE96986			SRX2670246	"Christophe Lancrin"	"Mar 20, 2018"
GSM2548220	"i8TFs_minus:AAGAGCCAGCA"	"SRA"	"Mus musculus"	1	GPL19057	GSE96982;GSE96986			SRX2670247	"Christophe Lancrin"	"Mar 20, 2018"
GSM2548221	"i8TFs_minus:AAGAGATCATG"	"SRA"	"Mus musculus"	1	GPL19057	GSE96982;GSE96986			SRX2670248	"Christophe Lancrin"	"Mar 20, 2018"
GSM2548222	"i8TFs_minus:AAGAGATAGTC"	"SRA"	"Mus musculus"	1	GPL19057	GSE96982;GSE96986			SRX2670249	"Christophe Lancrin"	"Mar 20, 2018"
GSM2548223	"i8TFs_minus:AACTGGCAGGT"	"SRA"	"Mus musculus"	1	GPL19057	GSE96982;GSE96986			SRX2670250	"Christophe Lancrin"	"Mar 20, 2018"
GSM2548224	"i8TFs_minus:AACTATAAGAG"	"SRA"	"Mus musculus"	1	GPL19057	GSE96982;GSE96986			SRX2670251	"Christophe Lancrin"	"Mar 20, 2018"
GSM2548225	"i8TFs_minus:ACCATAATACT"	"SRA"	"Mus musculus"	1	GPL19057	GSE96982;GSE96986			SRX2670252	"Christophe Lancrin"	"Mar 20, 2018"
GSM2548226	"i8TFs_minus:ACCATCAGCAG"	"SRA"	"Mus musculus"	1	GPL19057	GSE96982;GSE96986			SRX2670253	"Christophe Lancrin"	"Mar 20, 2018"
GSM2548227	"i8TFs_minus:ACCAATGACGT"	"SRA"	"Mus musculus"	1	GPL19057	GSE96982;GSE96986			SRX2670254	"Christophe Lancrin"	"Mar 20, 2018"
GSM2548228	"i8TFs_minus:AAGAGCCTATA"	"SRA"	"Mus musculus"	1	GPL19057	GSE96982;GSE96986			SRX2670255	"Christophe Lancrin"	"Mar 20, 2018"
GSM2548229	"i8TFs_minus:ACCAGACGCGT"	"SRA"	"Mus musculus"	1	GPL19057	GSE96982;GSE96986			SRX2670256	"Christophe Lancrin"	"Mar 20, 2018"
GSM2548230	"i8TFs_minus:AAGCAACGGAG"	"SRA"	"Mus musculus"	1	GPL19057	GSE96982;GSE96986			SRX2670257	"Christophe Lancrin"	"Mar 20, 2018"
GSM2548231	"i8TFs_minus:ACCTCTCCTAT"	"SRA"	"Mus musculus"	1	GPL19057	GSE96982;GSE96986			SRX2670258	"Christophe Lancrin"	"Mar 20, 2018"
GSM2548232	"i8TFs_minus:ACCTGCAACCA"	"SRA"	"Mus musculus"	1	GPL19057	GSE96982;GSE96986			SRX2670259	"Christophe Lancrin"	"Mar 20, 2018"
GSM2548233	"i8TFs_minus:ACCGAACGGCG"	"SRA"	"Mus musculus"	1	GPL19057	GSE96982;GSE96986			SRX2670260	"Christophe Lancrin"	"Mar 20, 2018"
GSM2548234	"i8TFs_minus:ACCTCTCTTGG"	"SRA"	"Mus musculus"	1	GPL19057	GSE96982;GSE96986			SRX2670261	"Christophe Lancrin"	"Mar 20, 2018"
GSM2548235	"i8TFs_minus:ACCGAACTATC"	"SRA"	"Mus musculus"	1	GPL19057	GSE96982;GSE96986			SRX2670262	"Christophe Lancrin"	"Mar 20, 2018"
GSM2548236	"i8TFs_minus:ACCGCATCCAA"	"SRA"	"Mus musculus"	1	GPL19057	GSE96982;GSE96986			SRX2670263	"Christophe Lancrin"	"Mar 20, 2018"
GSM2548237	"i8TFs_minus:AAGATAAGATG"	"SRA"	"Mus musculus"	1	GPL19057	GSE96982;GSE96986			SRX2670264	"Christophe Lancrin"	"Mar 20, 2018"
GSM2548238	"i8TFs_minus:ACGAATTGATA"	"SRA"	"Mus musculus"	1	GPL19057	GSE96982;GSE96986			SRX2670265	"Christophe Lancrin"	"Mar 20, 2018"
GSM2548239	"i8TFs_minus:ACGAATGACCA"	"SRA"	"Mus musculus"	1	GPL19057	GSE96982;GSE96986			SRX2670266	"Christophe Lancrin"	"Mar 20, 2018"
GSM2548240	"i8TFs_minus:ACGACCGCAGT"	"SRA"	"Mus musculus"	1	GPL19057	GSE96982;GSE96986			SRX2670267	"Christophe Lancrin"	"Mar 20, 2018"
GSM2548241	"i8TFs_minus:ACCAACTGGAC"	"SRA"	"Mus musculus"	1	GPL19057	GSE96982;GSE96986			SRX2670268	"Christophe Lancrin"	"Mar 20, 2018"
GSM2548242	"i8TFs_minus:ACCAAGAAGGC"	"SRA"	"Mus musculus"	1	GPL19057	GSE96982;GSE96986			SRX2670269	"Christophe Lancrin"	"Mar 20, 2018"
GSM2548243	"i8TFs_minus:ACCAACTTACC"	"SRA"	"Mus musculus"	1	GPL19057	GSE96982;GSE96986			SRX2670270	"Christophe Lancrin"	"Mar 20, 2018"
GSM2548244	"i8TFs_minus:ACGAAGAGAGG"	"SRA"	"Mus musculus"	1	GPL19057	GSE96982;GSE96986			SRX2670271	"Christophe Lancrin"	"Mar 20, 2018"
GSM2548245	"i8TFs_minus:AATAACGCGGC"	"SRA"	"Mus musculus"	1	GPL19057	GSE96982;GSE96986			SRX2670272	"Christophe Lancrin"	"Mar 20, 2018"
GSM2548246	"i8TFs_minus:ACGCAATGGCT"	"SRA"	"Mus musculus"	1	GPL19057	GSE96982;GSE96986			SRX2670273	"Christophe Lancrin"	"Mar 20, 2018"
GSM2548247	"i8TFs_minus:ACCAAGCCAAC"	"SRA"	"Mus musculus"	1	GPL19057	GSE96982;GSE96986			SRX2670274	"Christophe Lancrin"	"Mar 20, 2018"
GSM2548248	"i8TFs_minus:ACGATATTCGA"	"SRA"	"Mus musculus"	1	GPL19057	GSE96982;GSE96986			SRX2670275	"Christophe Lancrin"	"Mar 20, 2018"
GSM2548249	"i8TFs_minus:ACGTCAACTCT"	"SRA"	"Mus musculus"	1	GPL19057	GSE96982;GSE96986			SRX2670276	"Christophe Lancrin"	"Mar 20, 2018"
GSM2548250	"i8TFs_minus:ATTATATTAGG"	"SRA"	"Mus musculus"	1	GPL19057	GSE96982;GSE96986			SRX2670277	"Christophe Lancrin"	"Mar 20, 2018"
GSM2548251	"i8TFs_minus:ATTATATCTCA"	"SRA"	"Mus musculus"	1	GPL19057	GSE96982;GSE96986			SRX2670278	"Christophe Lancrin"	"Mar 20, 2018"
GSM2548252	"i8TFs_minus:ATGGCCGTATG"	"SRA"	"Mus musculus"	1	GPL19057	GSE96982;GSE96986			SRX2670279	"Christophe Lancrin"	"Mar 20, 2018"
GSM2548253	"i8TFs_minus:AGGTTAATATT"	"SRA"	"Mus musculus"	1	GPL19057	GSE96982;GSE96986			SRX2670280	"Christophe Lancrin"	"Mar 20, 2018"
GSM2548254	"i8TFs_minus:AGGTTGACTTA"	"SRA"	"Mus musculus"	1	GPL19057	GSE96982;GSE96986			SRX2670281	"Christophe Lancrin"	"Mar 20, 2018"
GSM2548255	"i8TFs_minus:AGGTCGACGGT"	"SRA"	"Mus musculus"	1	GPL19057	GSE96982;GSE96986			SRX2670282	"Christophe Lancrin"	"Mar 20, 2018"
GSM2548256	"i8TFs_minus:ATTGAGTATTG"	"SRA"	"Mus musculus"	1	GPL19057	GSE96982;GSE96986			SRX2670283	"Christophe Lancrin"	"Mar 20, 2018"
GSM2548257	"i8TFs_minus:AGTAGGCGGCA"	"SRA"	"Mus musculus"	1	GPL19057	GSE96982;GSE96986			SRX2670284	"Christophe Lancrin"	"Mar 20, 2018"
GSM2548258	"i8TFs_minus:ATGGTTGATGC"	"SRA"	"Mus musculus"	1	GPL19057	GSE96982;GSE96986			SRX2670285	"Christophe Lancrin"	"Mar 20, 2018"
GSM2548259	"i8TFs_minus:CATCAATCGGT"	"SRA"	"Mus musculus"	1	GPL19057	GSE96982;GSE96986			SRX2670286	"Christophe Lancrin"	"Mar 20, 2018"
GSM2548260	"i8TFs_minus:CAGCTTGGATT"	"SRA"	"Mus musculus"	1	GPL19057	GSE96982;GSE96986			SRX2670287	"Christophe Lancrin"	"Mar 20, 2018"
GSM2548261	"i8TFs_minus:CCAAGCTATAT"	"SRA"	"Mus musculus"	1	GPL19057	GSE96982;GSE96986			SRX2670288	"Christophe Lancrin"	"Mar 20, 2018"
GSM2548262	"i8TFs_minus:CCAAGTAACCT"	"SRA"	"Mus musculus"	1	GPL19057	GSE96982;GSE96986			SRX2670289	"Christophe Lancrin"	"Mar 20, 2018"
GSM2548263	"i8TFs_minus:CATCCTGGTTG"	"SRA"	"Mus musculus"	1	GPL19057	GSE96982;GSE96986			SRX2670290	"Christophe Lancrin"	"Mar 20, 2018"
GSM2548264	"i8TFs_minus:CATCGATAGTC"	"SRA"	"Mus musculus"	1	GPL19057	GSE96982;GSE96986			SRX2670291	"Christophe Lancrin"	"Mar 20, 2018"
GSM2548265	"i8TFs_minus:CATCGGCTTAG"	"SRA"	"Mus musculus"	1	GPL19057	GSE96982;GSE96986			SRX2670292	"Christophe Lancrin"	"Mar 20, 2018"
GSM2548266	"i8TFs_minus:CCAAGCGGTCC"	"SRA"	"Mus musculus"	1	GPL19057	GSE96982;GSE96986			SRX2670293	"Christophe Lancrin"	"Mar 20, 2018"
GSM2548267	"i8TFs_minus:CATGGTTGCTC"	"SRA"	"Mus musculus"	1	GPL19057	GSE96982;GSE96986			SRX2670294	"Christophe Lancrin"	"Mar 20, 2018"
GSM2548268	"i8TFs_minus:CCAATAGGAAG"	"SRA"	"Mus musculus"	1	GPL19057	GSE96982;GSE96986			SRX2670295	"Christophe Lancrin"	"Mar 20, 2018"
GSM2548269	"i8TFs_minus:CCAATAGTTAT"	"SRA"	"Mus musculus"	1	GPL19057	GSE96982;GSE96986			SRX2670296	"Christophe Lancrin"	"Mar 20, 2018"
GSM2548270	"i8TFs_minus:CCAACCGCGTC"	"SRA"	"Mus musculus"	1	GPL19057	GSE96982;GSE96986			SRX2670297	"Christophe Lancrin"	"Mar 20, 2018"
GSM2548271	"i8TFs_minus:CCAATGCTTAG"	"SRA"	"Mus musculus"	1	GPL19057	GSE96982;GSE96986			SRX2670298	"Christophe Lancrin"	"Mar 20, 2018"
GSM2548272	"i8TFs_minus:CCTGATGCTAT"	"SRA"	"Mus musculus"	1	GPL19057	GSE96982;GSE96986			SRX2670299	"Christophe Lancrin"	"Mar 20, 2018"
GSM2548273	"i8TFs_minus:CCGTCCATCCT"	"SRA"	"Mus musculus"	1	GPL19057	GSE96982;GSE96986			SRX2670300	"Christophe Lancrin"	"Mar 20, 2018"
GSM2548274	"i8TFs_minus:CCGTTACCTCG"	"SRA"	"Mus musculus"	1	GPL19057	GSE96982;GSE96986			SRX2670301	"Christophe Lancrin"	"Mar 20, 2018"
GSM2548275	"i8TFs_minus:CCGTTATCTAT"	"SRA"	"Mus musculus"	1	GPL19057	GSE96982;GSE96986			SRX2670302	"Christophe Lancrin"	"Mar 20, 2018"
GSM2548276	"i8TFs_minus:CCTACGGCCAG"	"SRA"	"Mus musculus"	1	GPL19057	GSE96982;GSE96986			SRX2670303	"Christophe Lancrin"	"Mar 20, 2018"
GSM2548277	"i8TFs_minus:CCTATTGAATT"	"SRA"	"Mus musculus"	1	GPL19057	GSE96982;GSE96986			SRX2670304	"Christophe Lancrin"	"Mar 20, 2018"
GSM2548278	"i8TFs_minus:CCTGGAACCGC"	"SRA"	"Mus musculus"	1	GPL19057	GSE96982;GSE96986			SRX2670305	"Christophe Lancrin"	"Mar 20, 2018"
GSM2548279	"i8TFs_minus:CCTGGCAAGTT"	"SRA"	"Mus musculus"	1	GPL19057	GSE96982;GSE96986			SRX2670306	"Christophe Lancrin"	"Mar 20, 2018"
GSM2548280	"i8TFs_minus:CCTGGTTGCAG"	"SRA"	"Mus musculus"	1	GPL19057	GSE96982;GSE96986			SRX2670307	"Christophe Lancrin"	"Mar 20, 2018"
GSM2548281	"i8TFs_minus:CCTGGTCGGTA"	"SRA"	"Mus musculus"	1	GPL19057	GSE96982;GSE96986			SRX2670308	"Christophe Lancrin"	"Mar 20, 2018"
GSM2548282	"i8TFs_minus:CCTTCAGCTCT"	"SRA"	"Mus musculus"	1	GPL19057	GSE96982;GSE96986			SRX2670309	"Christophe Lancrin"	"Mar 20, 2018"
GSM2548283	"i8TFs_minus:CGAAGACCGGT"	"SRA"	"Mus musculus"	1	GPL19057	GSE96982;GSE96986			SRX2670310	"Christophe Lancrin"	"Mar 20, 2018"
GSM2548284	"i8TFs_minus:CCTCCAGCGTT"	"SRA"	"Mus musculus"	1	GPL19057	GSE96982;GSE96986			SRX2670311	"Christophe Lancrin"	"Mar 20, 2018"
GSM2548285	"i8TFs_minus:CCTCATACCGG"	"SRA"	"Mus musculus"	1	GPL19057	GSE96982;GSE96986			SRX2670312	"Christophe Lancrin"	"Mar 20, 2018"
GSM2548286	"i8TFs_minus:CGGAGCTTACC"	"SRA"	"Mus musculus"	1	GPL19057	GSE96982;GSE96986			SRX2670313	"Christophe Lancrin"	"Mar 20, 2018"
GSM2548287	"i8TFs_minus:CGCGGCAGCCG"	"SRA"	"Mus musculus"	1	GPL19057	GSE96982;GSE96986			SRX2670314	"Christophe Lancrin"	"Mar 20, 2018"
GSM2548288	"i8TFs_minus:CGCGCGCAGCC"	"SRA"	"Mus musculus"	1	GPL19057	GSE96982;GSE96986			SRX2670315	"Christophe Lancrin"	"Mar 20, 2018"
GSM2548289	"i8TFs_minus:CCTCGGTCTAT"	"SRA"	"Mus musculus"	1	GPL19057	GSE96982;GSE96986			SRX2670316	"Christophe Lancrin"	"Mar 20, 2018"
GSM2548290	"i8TFs_minus:CCTCGTACTAA"	"SRA"	"Mus musculus"	1	GPL19057	GSE96982;GSE96986			SRX2670317	"Christophe Lancrin"	"Mar 20, 2018"
GSM2548291	"i8TFs_minus:CCTTCTTATTA"	"SRA"	"Mus musculus"	1	GPL19057	GSE96982;GSE96986			SRX2670318	"Christophe Lancrin"	"Mar 20, 2018"
GSM2548292	"i8TFs_minus:CCTTGCTCAAC"	"SRA"	"Mus musculus"	1	GPL19057	GSE96982;GSE96986			SRX2670319	"Christophe Lancrin"	"Mar 20, 2018"
GSM2548293	"i8TFs_minus:GCTGGCAGCCG"	"SRA"	"Mus musculus"	1	GPL19057	GSE96982;GSE96986			SRX2670320	"Christophe Lancrin"	"Mar 20, 2018"
GSM2548294	"i8TFs_minus:GGATGGAGAGA"	"SRA"	"Mus musculus"	1	GPL19057	GSE96982;GSE96986			SRX2670321	"Christophe Lancrin"	"Mar 20, 2018"
GSM2548295	"i8TFs_minus:GCTTGGATAGT"	"SRA"	"Mus musculus"	1	GPL19057	GSE96982;GSE96986			SRX2670322	"Christophe Lancrin"	"Mar 20, 2018"
GSM2548296	"i8TFs_minus:GCTTAGTATTC"	"SRA"	"Mus musculus"	1	GPL19057	GSE96982;GSE96986			SRX2670323	"Christophe Lancrin"	"Mar 20, 2018"
GSM2548297	"i8TFs_minus:GCTTATGCTGC"	"SRA"	"Mus musculus"	1	GPL19057	GSE96982;GSE96986			SRX2670324	"Christophe Lancrin"	"Mar 20, 2018"
GSM2548298	"i8TFs_minus:GCTTATGGAGT"	"SRA"	"Mus musculus"	1	GPL19057	GSE96982;GSE96986			SRX2670325	"Christophe Lancrin"	"Mar 20, 2018"
GSM2548299	"i8TFs_minus:GCTTCTCGAAG"	"SRA"	"Mus musculus"	1	GPL19057	GSE96982;GSE96986			SRX2670326	"Christophe Lancrin"	"Mar 20, 2018"
GSM2548300	"i8TFs_minus:GGCATACTGAG"	"SRA"	"Mus musculus"	1	GPL19057	GSE96982;GSE96986			SRX2670327	"Christophe Lancrin"	"Mar 20, 2018"
GSM2548301	"i8TFs_minus:GGCGGATTGGT"	"SRA"	"Mus musculus"	1	GPL19057	GSE96982;GSE96986			SRX2670328	"Christophe Lancrin"	"Mar 20, 2018"
GSM2548302	"i8TFs_minus:GCTGGCTTCAG"	"SRA"	"Mus musculus"	1	GPL19057	GSE96982;GSE96986			SRX2670329	"Christophe Lancrin"	"Mar 20, 2018"
GSM2548303	"i8TFs_minus:GCTGGATCGGA"	"SRA"	"Mus musculus"	1	GPL19057	GSE96982;GSE96986			SRX2670330	"Christophe Lancrin"	"Mar 20, 2018"
GSM2548304	"i8TFs_minus:GGCGTAGCTAT"	"SRA"	"Mus musculus"	1	GPL19057	GSE96982;GSE96986			SRX2670331	"Christophe Lancrin"	"Mar 20, 2018"
GSM2548305	"i8TFs_minus:GCTTGGTCCAA"	"SRA"	"Mus musculus"	1	GPL19057	GSE96982;GSE96986			SRX2670332	"Christophe Lancrin"	"Mar 20, 2018"
GSM2548306	"i8TFs_minus:GCTTCGCGAGT"	"SRA"	"Mus musculus"	1	GPL19057	GSE96982;GSE96986			SRX2670333	"Christophe Lancrin"	"Mar 20, 2018"
GSM2548307	"i8TFs_minus:GCTTGGTAGAC"	"SRA"	"Mus musculus"	1	GPL19057	GSE96982;GSE96986			SRX2670334	"Christophe Lancrin"	"Mar 20, 2018"
GSM2548308	"i8TFs_minus:GGCGTTGACTG"	"SRA"	"Mus musculus"	1	GPL19057	GSE96982;GSE96986			SRX2670335	"Christophe Lancrin"	"Mar 20, 2018"
GSM2548309	"i8TFs_minus:GGCTCGTTAGC"	"SRA"	"Mus musculus"	1	GPL19057	GSE96982;GSE96986			SRX2670336	"Christophe Lancrin"	"Mar 20, 2018"
GSM2548310	"i8TFs_minus:GGCGGTCCTCA"	"SRA"	"Mus musculus"	1	GPL19057	GSE96982;GSE96986			SRX2670337	"Christophe Lancrin"	"Mar 20, 2018"
GSM2548311	"i8TFs_minus:GGCGGTCTACT"	"SRA"	"Mus musculus"	1	GPL19057	GSE96982;GSE96986			SRX2670338	"Christophe Lancrin"	"Mar 20, 2018"
GSM2548312	"i8TFs_minus:GGTTCCAATTC"	"SRA"	"Mus musculus"	1	GPL19057	GSE96982;GSE96986			SRX2670339	"Christophe Lancrin"	"Mar 20, 2018"
GSM2548313	"i8TFs_minus:GGTTAGGCGCA"	"SRA"	"Mus musculus"	1	GPL19057	GSE96982;GSE96986			SRX2670340	"Christophe Lancrin"	"Mar 20, 2018"
GSM2548314	"i8TFs_minus:GTAGGATAGGA"	"SRA"	"Mus musculus"	1	GPL19057	GSE96982;GSE96986			SRX2670341	"Christophe Lancrin"	"Mar 20, 2018"
GSM2548315	"i8TFs_minus:GGTTAGATGGC"	"SRA"	"Mus musculus"	1	GPL19057	GSE96982;GSE96986			SRX2670342	"Christophe Lancrin"	"Mar 20, 2018"
GSM2548316	"i8TFs_minus:GGTTATCTCGA"	"SRA"	"Mus musculus"	1	GPL19057	GSE96982;GSE96986			SRX2670343	"Christophe Lancrin"	"Mar 20, 2018"
GSM2548317	"i8TFs_minus:GTATACCTATA"	"SRA"	"Mus musculus"	1	GPL19057	GSE96982;GSE96986			SRX2670344	"Christophe Lancrin"	"Mar 20, 2018"
GSM2548318	"i8TFs_minus:GTATACCAGAT"	"SRA"	"Mus musculus"	1	GPL19057	GSE96982;GSE96986			SRX2670345	"Christophe Lancrin"	"Mar 20, 2018"
GSM2548319	"i8TFs_minus:GGTTCGTCTTG"	"SRA"	"Mus musculus"	1	GPL19057	GSE96982;GSE96986			SRX2670346	"Christophe Lancrin"	"Mar 20, 2018"
GSM2548320	"i8TFs_minus:GGTTGGAATCA"	"SRA"	"Mus musculus"	1	GPL19057	GSE96982;GSE96986			SRX2670347	"Christophe Lancrin"	"Mar 20, 2018"
GSM2548321	"i8TFs_minus:GGTTGGCTACC"	"SRA"	"Mus musculus"	1	GPL19057	GSE96982;GSE96986			SRX2670348	"Christophe Lancrin"	"Mar 20, 2018"
GSM2548322	"i8TFs_minus:GTATCTCCGGC"	"SRA"	"Mus musculus"	1	GPL19057	GSE96982;GSE96986			SRX2670349	"Christophe Lancrin"	"Mar 20, 2018"
GSM2548323	"i8TFs_minus:GGTTCTTGGCT"	"SRA"	"Mus musculus"	1	GPL19057	GSE96982;GSE96986			SRX2670350	"Christophe Lancrin"	"Mar 20, 2018"
GSM2548324	"i8TFs_minus:GGTTCGGATAA"	"SRA"	"Mus musculus"	1	GPL19057	GSE96982;GSE96986			SRX2670351	"Christophe Lancrin"	"Mar 20, 2018"
GSM2548325	"i8TFs_minus:GTATGCTTCAT"	"SRA"	"Mus musculus"	1	GPL19057	GSE96982;GSE96986			SRX2670352	"Christophe Lancrin"	"Mar 20, 2018"
GSM2548326	"i8TFs_minus:GTATTCGCGAC"	"SRA"	"Mus musculus"	1	GPL19057	GSE96982;GSE96986			SRX2670353	"Christophe Lancrin"	"Mar 20, 2018"
GSM2548327	"i8TFs_minus:GTAACGACTCG"	"SRA"	"Mus musculus"	1	GPL19057	GSE96982;GSE96986			SRX2670354	"Christophe Lancrin"	"Mar 20, 2018"
GSM2548328	"i8TFs_minus:GGTTGATATCC"	"SRA"	"Mus musculus"	1	GPL19057	GSE96982;GSE96986			SRX2670355	"Christophe Lancrin"	"Mar 20, 2018"
GSM2548329	"i8TFs_minus:GGTTGGTCATA"	"SRA"	"Mus musculus"	1	GPL19057	GSE96982;GSE96986			SRX2670356	"Christophe Lancrin"	"Mar 20, 2018"
GSM2548330	"i8TFs_minus:GGTTGGTCCGT"	"SRA"	"Mus musculus"	1	GPL19057	GSE96982;GSE96986			SRX2670357	"Christophe Lancrin"	"Mar 20, 2018"
GSM2548331	"i8TFs_minus:GTATTGAATTG"	"SRA"	"Mus musculus"	1	GPL19057	GSE96982;GSE96986			SRX2670358	"Christophe Lancrin"	"Mar 20, 2018"
GSM2548332	"i8TFs_minus:GTATTGCCTGA"	"SRA"	"Mus musculus"	1	GPL19057	GSE96982;GSE96986			SRX2670359	"Christophe Lancrin"	"Mar 20, 2018"
GSM2548333	"i8TFs_minus:GTCCGTTGCCG"	"SRA"	"Mus musculus"	1	GPL19057	GSE96982;GSE96986			SRX2670360	"Christophe Lancrin"	"Mar 20, 2018"
GSM2548334	"i8TFs_minus:GTCATTGGCGA"	"SRA"	"Mus musculus"	1	GPL19057	GSE96982;GSE96986			SRX2670361	"Christophe Lancrin"	"Mar 20, 2018"
GSM2548335	"i8TFs_minus:GTACGGTATGA"	"SRA"	"Mus musculus"	1	GPL19057	GSE96982;GSE96986			SRX2670362	"Christophe Lancrin"	"Mar 20, 2018"
GSM2548336	"i8TFs_minus:GTTGGCGAGTT"	"SRA"	"Mus musculus"	1	GPL19057	GSE96982;GSE96986			SRX2670363	"Christophe Lancrin"	"Mar 20, 2018"
GSM2548337	"i8TFs_minus:GTTGGTAGCCT"	"SRA"	"Mus musculus"	1	GPL19057	GSE96982;GSE96986			SRX2670364	"Christophe Lancrin"	"Mar 20, 2018"
GSM2548338	"i8TFs_minus:GTCCTTGGTAG"	"SRA"	"Mus musculus"	1	GPL19057	GSE96982;GSE96986			SRX2670365	"Christophe Lancrin"	"Mar 20, 2018"
GSM2548339	"i8TFs_minus:GTCCAATGCGC"	"SRA"	"Mus musculus"	1	GPL19057	GSE96982;GSE96986			SRX2670366	"Christophe Lancrin"	"Mar 20, 2018"
GSM2548340	"i8TFs_minus:TATCTTGGATA"	"SRA"	"Mus musculus"	1	GPL19057	GSE96982;GSE96986			SRX2670367	"Christophe Lancrin"	"Mar 20, 2018"
GSM2548341	"i8TFs_minus:TATCGGATAGC"	"SRA"	"Mus musculus"	1	GPL19057	GSE96982;GSE96986			SRX2670368	"Christophe Lancrin"	"Mar 20, 2018"
GSM2548342	"i8TFs_minus:TCCATCATCGT"	"SRA"	"Mus musculus"	1	GPL19057	GSE96982;GSE96986			SRX2670369	"Christophe Lancrin"	"Mar 20, 2018"
GSM2548343	"i8TFs_minus:TATGGCTCTTA"	"SRA"	"Mus musculus"	1	GPL19057	GSE96982;GSE96986			SRX2670370	"Christophe Lancrin"	"Mar 20, 2018"
GSM2548344	"i8TFs_minus:TCCAAGCGATG"	"SRA"	"Mus musculus"	1	GPL19057	GSE96982;GSE96986			SRX2670371	"Christophe Lancrin"	"Mar 20, 2018"
GSM2548345	"i8TFs_minus:TCCTATAGTTC"	"SRA"	"Mus musculus"	1	GPL19057	GSE96982;GSE96986			SRX2670372	"Christophe Lancrin"	"Mar 20, 2018"
GSM2548346	"i8TFs_minus:TCCGTCCTTAG"	"SRA"	"Mus musculus"	1	GPL19057	GSE96982;GSE96986			SRX2670373	"Christophe Lancrin"	"Mar 20, 2018"
GSM2548347	"i8TFs_minus:TATTGATCCAA"	"SRA"	"Mus musculus"	1	GPL19057	GSE96982;GSE96986			SRX2670374	"Christophe Lancrin"	"Mar 20, 2018"
GSM2548348	"i8TFs_minus:TCCTTCCTCCG"	"SRA"	"Mus musculus"	1	GPL19057	GSE96982;GSE96986			SRX2670375	"Christophe Lancrin"	"Mar 20, 2018"
GSM2548349	"i8TFs_minus:TCCTTCCATGC"	"SRA"	"Mus musculus"	1	GPL19057	GSE96982;GSE96986			SRX2670376	"Christophe Lancrin"	"Mar 20, 2018"
GSM2548350	"i8TFs_minus:TCCTCGACTTC"	"SRA"	"Mus musculus"	1	GPL19057	GSE96982;GSE96986			SRX2670377	"Christophe Lancrin"	"Mar 20, 2018"
GSM2548351	"i8TFs_minus:TCAACTGATTG"	"SRA"	"Mus musculus"	1	GPL19057	GSE96982;GSE96986			SRX2670378	"Christophe Lancrin"	"Mar 20, 2018"
GSM2548352	"i8TFs_minus:TGAACCAATTG"	"SRA"	"Mus musculus"	1	GPL19057	GSE96982;GSE96986			SRX2670379	"Christophe Lancrin"	"Mar 20, 2018"
GSM2548353	"i8TFs_minus:TGACGGTAGAA"	"SRA"	"Mus musculus"	1	GPL19057	GSE96982;GSE96986			SRX2670380	"Christophe Lancrin"	"Mar 20, 2018"
GSM2548354	"i8TFs_minus:TCCTGAATTCT"	"SRA"	"Mus musculus"	1	GPL19057	GSE96982;GSE96986			SRX2670381	"Christophe Lancrin"	"Mar 20, 2018"
GSM2548355	"i8TFs_minus:TCCTGGCTGGT"	"SRA"	"Mus musculus"	1	GPL19057	GSE96982;GSE96986			SRX2670382	"Christophe Lancrin"	"Mar 20, 2018"
GSM2548356	"i8TFs_minus:TCAAGCGTTGG"	"SRA"	"Mus musculus"	1	GPL19057	GSE96982;GSE96986			SRX2670383	"Christophe Lancrin"	"Mar 20, 2018"
GSM2548357	"i8TFs_minus:TCAATTACGAC"	"SRA"	"Mus musculus"	1	GPL19057	GSE96982;GSE96986			SRX2670384	"Christophe Lancrin"	"Mar 20, 2018"
GSM2548358	"i8TFs_minus:TGCGATACCTC"	"SRA"	"Mus musculus"	1	GPL19057	GSE96982;GSE96986			SRX2670385	"Christophe Lancrin"	"Mar 20, 2018"
GSM2548359	"i8TFs_minus:TGCGATGGAGA"	"SRA"	"Mus musculus"	1	GPL19057	GSE96982;GSE96986			SRX2670386	"Christophe Lancrin"	"Mar 20, 2018"
GSM2548360	"i8TFs_minus:TGAGTCCGTTA"	"SRA"	"Mus musculus"	1	GPL19057	GSE96982;GSE96986			SRX2670387	"Christophe Lancrin"	"Mar 20, 2018"
GSM2548361	"i8TFs_minus:TGAGGTCGATC"	"SRA"	"Mus musculus"	1	GPL19057	GSE96982;GSE96986			SRX2670388	"Christophe Lancrin"	"Mar 20, 2018"
GSM2548362	"i8TFs_minus:TGCGTAGTCGG"	"SRA"	"Mus musculus"	1	GPL19057	GSE96982;GSE96986			SRX2670389	"Christophe Lancrin"	"Mar 20, 2018"
GSM2548363	"i8TFs_minus:TGAGGCTGGAA"	"SRA"	"Mus musculus"	1	GPL19057	GSE96982;GSE96986			SRX2670390	"Christophe Lancrin"	"Mar 20, 2018"
GSM2548364	"i8TFs_minus:TGCTGCCATTG"	"SRA"	"Mus musculus"	1	GPL19057	GSE96982;GSE96986			SRX2670391	"Christophe Lancrin"	"Mar 20, 2018"
GSM2548365	"i8TFs_minus:TGAGTTCTCTT"	"SRA"	"Mus musculus"	1	GPL19057	GSE96982;GSE96986			SRX2670392	"Christophe Lancrin"	"Mar 20, 2018"
GSM2548366	"i8TFs_minus:TGCGGTCGCGT"	"SRA"	"Mus musculus"	1	GPL19057	GSE96982;GSE96986			SRX2670393	"Christophe Lancrin"	"Mar 20, 2018"
GSM2548367	"i8TFs_minus:TGCTGGAACGA"	"SRA"	"Mus musculus"	1	GPL19057	GSE96982;GSE96986			SRX2670394	"Christophe Lancrin"	"Mar 20, 2018"
GSM2548368	"i8TFs_minus:TGATATTGCTC"	"SRA"	"Mus musculus"	1	GPL19057	GSE96982;GSE96986			SRX2670395	"Christophe Lancrin"	"Mar 20, 2018"
GSM2548369	"i8TFs_plus:AAGAGAGAGAT"	"SRA"	"Mus musculus"	1	GPL19057	GSE96982;GSE96986			SRX2670396	"Christophe Lancrin"	"Mar 20, 2018"
GSM2548370	"i8TFs_plus:AAGAGACGCTC"	"SRA"	"Mus musculus"	1	GPL19057	GSE96982;GSE96986			SRX2670397	"Christophe Lancrin"	"Mar 20, 2018"
GSM2548371	"i8TFs_plus:AAGAGAGCAGA"	"SRA"	"Mus musculus"	1	GPL19057	GSE96982;GSE96986			SRX2670398	"Christophe Lancrin"	"Mar 20, 2018"
GSM2548372	"i8TFs_plus:AAGAATAAGTC"	"SRA"	"Mus musculus"	1	GPL19057	GSE96982;GSE96986			SRX2670399	"Christophe Lancrin"	"Mar 20, 2018"
GSM2548373	"i8TFs_plus:ACTCTATTCAG"	"SRA"	"Mus musculus"	1	GPL19057	GSE96982;GSE96986			SRX2670400	"Christophe Lancrin"	"Mar 20, 2018"
GSM2548374	"i8TFs_plus:AAGAGAGTCTA"	"SRA"	"Mus musculus"	1	GPL19057	GSE96982;GSE96986			SRX2670401	"Christophe Lancrin"	"Mar 20, 2018"
GSM2548375	"i8TFs_plus:AAGAGAATATC"	"SRA"	"Mus musculus"	1	GPL19057	GSE96982;GSE96986			SRX2670402	"Christophe Lancrin"	"Mar 20, 2018"
GSM2548376	"i8TFs_plus:AAGAATAGACG"	"SRA"	"Mus musculus"	1	GPL19057	GSE96982;GSE96986			SRX2670403	"Christophe Lancrin"	"Mar 20, 2018"
GSM2548377	"i8TFs_plus:AAGAAGTTGAC"	"SRA"	"Mus musculus"	1	GPL19057	GSE96982;GSE96986			SRX2670404	"Christophe Lancrin"	"Mar 20, 2018"
GSM2548378	"i8TFs_plus:AAGAATATATA"	"SRA"	"Mus musculus"	1	GPL19057	GSE96982;GSE96986			SRX2670405	"Christophe Lancrin"	"Mar 20, 2018"
GSM2548379	"i8TFs_plus:AGAAGATTGGC"	"SRA"	"Mus musculus"	1	GPL19057	GSE96982;GSE96986			SRX2670406	"Christophe Lancrin"	"Mar 20, 2018"
GSM2548380	"i8TFs_plus:AGAAGCGCCGC"	"SRA"	"Mus musculus"	1	GPL19057	GSE96982;GSE96986			SRX2670407	"Christophe Lancrin"	"Mar 20, 2018"
GSM2548381	"i8TFs_plus:AGAAGCCTCCA"	"SRA"	"Mus musculus"	1	GPL19057	GSE96982;GSE96986			SRX2670408	"Christophe Lancrin"	"Mar 20, 2018"
GSM2548382	"i8TFs_plus:AGAACCGAACC"	"SRA"	"Mus musculus"	1	GPL19057	GSE96982;GSE96986			SRX2670409	"Christophe Lancrin"	"Mar 20, 2018"
GSM2548383	"i8TFs_plus:ACTTAATAGTA"	"SRA"	"Mus musculus"	1	GPL19057	GSE96982;GSE96986			SRX2670410	"Christophe Lancrin"	"Mar 20, 2018"
GSM2548384	"i8TFs_plus:AGAAGCTCATT"	"SRA"	"Mus musculus"	1	GPL19057	GSE96982;GSE96986			SRX2670411	"Christophe Lancrin"	"Mar 20, 2018"
GSM2548385	"i8TFs_plus:AGAACGCCATC"	"SRA"	"Mus musculus"	1	GPL19057	GSE96982;GSE96986			SRX2670412	"Christophe Lancrin"	"Mar 20, 2018"
GSM2548386	"i8TFs_plus:AGAAGTAACTG"	"SRA"	"Mus musculus"	1	GPL19057	GSE96982;GSE96986			SRX2670413	"Christophe Lancrin"	"Mar 20, 2018"
GSM2548387	"i8TFs_plus:AGAATACGTTG"	"SRA"	"Mus musculus"	1	GPL19057	GSE96982;GSE96986			SRX2670414	"Christophe Lancrin"	"Mar 20, 2018"
GSM2548388	"i8TFs_plus:AGAAGGTACCT"	"SRA"	"Mus musculus"	1	GPL19057	GSE96982;GSE96986			SRX2670415	"Christophe Lancrin"	"Mar 20, 2018"
GSM2548389	"i8TFs_plus:AGAATATACGT"	"SRA"	"Mus musculus"	1	GPL19057	GSE96982;GSE96986			SRX2670416	"Christophe Lancrin"	"Mar 20, 2018"
GSM2548390	"i8TFs_plus:AGAATATCGTC"	"SRA"	"Mus musculus"	1	GPL19057	GSE96982;GSE96986			SRX2670417	"Christophe Lancrin"	"Mar 20, 2018"
GSM2548391	"i8TFs_plus:AGAATATCTAT"	"SRA"	"Mus musculus"	1	GPL19057	GSE96982;GSE96986			SRX2670418	"Christophe Lancrin"	"Mar 20, 2018"
GSM2548392	"i8TFs_plus:AGAACGTTGAT"	"SRA"	"Mus musculus"	1	GPL19057	GSE96982;GSE96986			SRX2670419	"Christophe Lancrin"	"Mar 20, 2018"
GSM2548393	"i8TFs_plus:AGAAGTCGCTA"	"SRA"	"Mus musculus"	1	GPL19057	GSE96982;GSE96986			SRX2670420	"Christophe Lancrin"	"Mar 20, 2018"
GSM2548394	"i8TFs_plus:AGAAGAGAAGT"	"SRA"	"Mus musculus"	1	GPL19057	GSE96982;GSE96986			SRX2670421	"Christophe Lancrin"	"Mar 20, 2018"
GSM2548395	"i8TFs_plus:AGAGAACCAAC"	"SRA"	"Mus musculus"	1	GPL19057	GSE96982;GSE96986			SRX2670422	"Christophe Lancrin"	"Mar 20, 2018"
GSM2548396	"i8TFs_plus:AGAGAACGACG"	"SRA"	"Mus musculus"	1	GPL19057	GSE96982;GSE96986			SRX2670423	"Christophe Lancrin"	"Mar 20, 2018"
GSM2548397	"i8TFs_plus:AGAATCAGATG"	"SRA"	"Mus musculus"	1	GPL19057	GSE96982;GSE96986			SRX2670424	"Christophe Lancrin"	"Mar 20, 2018"
GSM2548398	"i8TFs_plus:AGAATCAGTCT"	"SRA"	"Mus musculus"	1	GPL19057	GSE96982;GSE96986			SRX2670425	"Christophe Lancrin"	"Mar 20, 2018"
GSM2548399	"i8TFs_plus:AGACCAACGGC"	"SRA"	"Mus musculus"	1	GPL19057	GSE96982;GSE96986			SRX2670426	"Christophe Lancrin"	"Mar 20, 2018"
GSM2548400	"i8TFs_plus:AGGCGTCGAGT"	"SRA"	"Mus musculus"	1	GPL19057	GSE96982;GSE96986			SRX2670427	"Christophe Lancrin"	"Mar 20, 2018"
GSM2548401	"i8TFs_plus:AGAAGACGCAG"	"SRA"	"Mus musculus"	1	GPL19057	GSE96982;GSE96986			SRX2670428	"Christophe Lancrin"	"Mar 20, 2018"
GSM2548402	"i8TFs_plus:AGAAGAGCATG"	"SRA"	"Mus musculus"	1	GPL19057	GSE96982;GSE96986			SRX2670429	"Christophe Lancrin"	"Mar 20, 2018"
GSM2548403	"i8TFs_plus:AGGAACTAGCG"	"SRA"	"Mus musculus"	1	GPL19057	GSE96982;GSE96986			SRX2670430	"Christophe Lancrin"	"Mar 20, 2018"
GSM2548404	"i8TFs_plus:AGGAACTGAAC"	"SRA"	"Mus musculus"	1	GPL19057	GSE96982;GSE96986			SRX2670431	"Christophe Lancrin"	"Mar 20, 2018"
GSM2548405	"i8TFs_plus:AGGATGATTCA"	"SRA"	"Mus musculus"	1	GPL19057	GSE96982;GSE96986			SRX2670432	"Christophe Lancrin"	"Mar 20, 2018"
GSM2548406	"i8TFs_plus:AGAGTAACTCG"	"SRA"	"Mus musculus"	1	GPL19057	GSE96982;GSE96986			SRX2670433	"Christophe Lancrin"	"Mar 20, 2018"
GSM2548407	"i8TFs_plus:CAACTACGCCG"	"SRA"	"Mus musculus"	1	GPL19057	GSE96982;GSE96986			SRX2670434	"Christophe Lancrin"	"Mar 20, 2018"
GSM2548408	"i8TFs_plus:CAACCGCTACG"	"SRA"	"Mus musculus"	1	GPL19057	GSE96982;GSE96986			SRX2670435	"Christophe Lancrin"	"Mar 20, 2018"
GSM2548409	"i8TFs_plus:CCAACGACGAC"	"SRA"	"Mus musculus"	1	GPL19057	GSE96982;GSE96986			SRX2670436	"Christophe Lancrin"	"Mar 20, 2018"
GSM2548410	"i8TFs_plus:CCAACGATCCT"	"SRA"	"Mus musculus"	1	GPL19057	GSE96982;GSE96986			SRX2670437	"Christophe Lancrin"	"Mar 20, 2018"
GSM2548411	"i8TFs_plus:CAACCGCCAGC"	"SRA"	"Mus musculus"	1	GPL19057	GSE96982;GSE96986			SRX2670438	"Christophe Lancrin"	"Mar 20, 2018"
GSM2548412	"i8TFs_plus:CAACCGGCGGA"	"SRA"	"Mus musculus"	1	GPL19057	GSE96982;GSE96986			SRX2670439	"Christophe Lancrin"	"Mar 20, 2018"
GSM2548413	"i8TFs_plus:CCAAGACGCAT"	"SRA"	"Mus musculus"	1	GPL19057	GSE96982;GSE96986			SRX2670440	"Christophe Lancrin"	"Mar 20, 2018"
GSM2548414	"i8TFs_plus:CCAACTCGCAG"	"SRA"	"Mus musculus"	1	GPL19057	GSE96982;GSE96986			SRX2670441	"Christophe Lancrin"	"Mar 20, 2018"
GSM2548415	"i8TFs_plus:CCAAGAAGTTG"	"SRA"	"Mus musculus"	1	GPL19057	GSE96982;GSE96986			SRX2670442	"Christophe Lancrin"	"Mar 20, 2018"
GSM2548416	"i8TFs_plus:CAGAACGAGCT"	"SRA"	"Mus musculus"	1	GPL19057	GSE96982;GSE96986			SRX2670443	"Christophe Lancrin"	"Mar 20, 2018"
GSM2548417	"i8TFs_plus:CAGAACGCCTC"	"SRA"	"Mus musculus"	1	GPL19057	GSE96982;GSE96986			SRX2670444	"Christophe Lancrin"	"Mar 20, 2018"
GSM2548418	"i8TFs_plus:CAAGAACCGAT"	"SRA"	"Mus musculus"	1	GPL19057	GSE96982;GSE96986			SRX2670445	"Christophe Lancrin"	"Mar 20, 2018"
GSM2548419	"i8TFs_plus:CCAACTCCTGC"	"SRA"	"Mus musculus"	1	GPL19057	GSE96982;GSE96986			SRX2670446	"Christophe Lancrin"	"Mar 20, 2018"
GSM2548420	"i8TFs_plus:AGTTGGTTCGG"	"SRA"	"Mus musculus"	1	GPL19057	GSE96982;GSE96986			SRX2670447	"Christophe Lancrin"	"Mar 20, 2018"
GSM2548421	"i8TFs_plus:AGTTGACCTGG"	"SRA"	"Mus musculus"	1	GPL19057	GSE96982;GSE96986			SRX2670448	"Christophe Lancrin"	"Mar 20, 2018"
GSM2548422	"i8TFs_plus:ATTGAGAGGCA"	"SRA"	"Mus musculus"	1	GPL19057	GSE96982;GSE96986			SRX2670449	"Christophe Lancrin"	"Mar 20, 2018"
GSM2548423	"i8TFs_plus:ATTGCCGAAGA"	"SRA"	"Mus musculus"	1	GPL19057	GSE96982;GSE96986			SRX2670450	"Christophe Lancrin"	"Mar 20, 2018"
GSM2548424	"i8TFs_plus:ATTGACCATCA"	"SRA"	"Mus musculus"	1	GPL19057	GSE96982;GSE96986			SRX2670451	"Christophe Lancrin"	"Mar 20, 2018"
GSM2548425	"i8TFs_plus:AGTTATCTCCG"	"SRA"	"Mus musculus"	1	GPL19057	GSE96982;GSE96986			SRX2670452	"Christophe Lancrin"	"Mar 20, 2018"
GSM2548426	"i8TFs_plus:ATTGGTAGGTC"	"SRA"	"Mus musculus"	1	GPL19057	GSE96982;GSE96986			SRX2670453	"Christophe Lancrin"	"Mar 20, 2018"
GSM2548427	"i8TFs_plus:AGTTGCGCGCG"	"SRA"	"Mus musculus"	1	GPL19057	GSE96982;GSE96986			SRX2670454	"Christophe Lancrin"	"Mar 20, 2018"
GSM2548428	"i8TFs_plus:ATTGGAGCCGA"	"SRA"	"Mus musculus"	1	GPL19057	GSE96982;GSE96986			SRX2670455	"Christophe Lancrin"	"Mar 20, 2018"
GSM2548429	"i8TFs_plus:ATTGGAGAGAT"	"SRA"	"Mus musculus"	1	GPL19057	GSE96982;GSE96986			SRX2670456	"Christophe Lancrin"	"Mar 20, 2018"
GSM2548430	"i8TFs_plus:ATGATCGTTGG"	"SRA"	"Mus musculus"	1	GPL19057	GSE96982;GSE96986			SRX2670457	"Christophe Lancrin"	"Mar 20, 2018"
GSM2548431	"i8TFs_plus:CAACCAGCGCC"	"SRA"	"Mus musculus"	1	GPL19057	GSE96982;GSE96986			SRX2670458	"Christophe Lancrin"	"Mar 20, 2018"
GSM2548432	"i8TFs_plus:ATGAACCTCGT"	"SRA"	"Mus musculus"	1	GPL19057	GSE96982;GSE96986			SRX2670459	"Christophe Lancrin"	"Mar 20, 2018"
GSM2548433	"i8TFs_plus:ATGCGGTACTA"	"SRA"	"Mus musculus"	1	GPL19057	GSE96982;GSE96986			SRX2670460	"Christophe Lancrin"	"Mar 20, 2018"
GSM2548434	"i8TFs_plus:ATCCTTAAGGA"	"SRA"	"Mus musculus"	1	GPL19057	GSE96982;GSE96986			SRX2670461	"Christophe Lancrin"	"Mar 20, 2018"
GSM2548435	"i8TFs_plus:ATCTTCTCTTA"	"SRA"	"Mus musculus"	1	GPL19057	GSE96982;GSE96986			SRX2670462	"Christophe Lancrin"	"Mar 20, 2018"
GSM2548436	"i8TFs_plus:ATCGGTCTGCC"	"SRA"	"Mus musculus"	1	GPL19057	GSE96982;GSE96986			SRX2670463	"Christophe Lancrin"	"Mar 20, 2018"
GSM2548437	"i8TFs_plus:CCATAGCCTCA"	"SRA"	"Mus musculus"	1	GPL19057	GSE96982;GSE96986			SRX2670464	"Christophe Lancrin"	"Mar 20, 2018"
GSM2548438	"i8TFs_plus:CCAGACCATAT"	"SRA"	"Mus musculus"	1	GPL19057	GSE96982;GSE96986			SRX2670465	"Christophe Lancrin"	"Mar 20, 2018"
GSM2548439	"i8TFs_plus:CAACCAGTTGC"	"SRA"	"Mus musculus"	1	GPL19057	GSE96982;GSE96986			SRX2670466	"Christophe Lancrin"	"Mar 20, 2018"
GSM2548440	"i8TFs_plus:CAACCGACGCG"	"SRA"	"Mus musculus"	1	GPL19057	GSE96982;GSE96986			SRX2670467	"Christophe Lancrin"	"Mar 20, 2018"
GSM2548441	"i8TFs_plus:CCATATAGATA"	"SRA"	"Mus musculus"	1	GPL19057	GSE96982;GSE96986			SRX2670468	"Christophe Lancrin"	"Mar 20, 2018"
GSM2548442	"i8TFs_plus:CCATACGAGAA"	"SRA"	"Mus musculus"	1	GPL19057	GSE96982;GSE96986			SRX2670469	"Christophe Lancrin"	"Mar 20, 2018"
GSM2548443	"i8TFs_plus:CCATCAACTGC"	"SRA"	"Mus musculus"	1	GPL19057	GSE96982;GSE96986			SRX2670470	"Christophe Lancrin"	"Mar 20, 2018"
GSM2548444	"i8TFs_plus:CCAATTGATGC"	"SRA"	"Mus musculus"	1	GPL19057	GSE96982;GSE96986			SRX2670471	"Christophe Lancrin"	"Mar 20, 2018"
GSM2548445	"i8TFs_plus:CCAGAAGATAG"	"SRA"	"Mus musculus"	1	GPL19057	GSE96982;GSE96986			SRX2670472	"Christophe Lancrin"	"Mar 20, 2018"
GSM2548446	"i8TFs_plus:CCATCGGAGTC"	"SRA"	"Mus musculus"	1	GPL19057	GSE96982;GSE96986			SRX2670473	"Christophe Lancrin"	"Mar 20, 2018"
GSM2548447	"i8TFs_plus:CCATCTCGCTT"	"SRA"	"Mus musculus"	1	GPL19057	GSE96982;GSE96986			SRX2670474	"Christophe Lancrin"	"Mar 20, 2018"
GSM2548448	"i8TFs_plus:CCATCGTTGGT"	"SRA"	"Mus musculus"	1	GPL19057	GSE96982;GSE96986			SRX2670475	"Christophe Lancrin"	"Mar 20, 2018"
GSM2548449	"i8TFs_plus:CCATCAATTAG"	"SRA"	"Mus musculus"	1	GPL19057	GSE96982;GSE96986			SRX2670476	"Christophe Lancrin"	"Mar 20, 2018"
GSM2548450	"i8TFs_plus:CCAGCGTTACT"	"SRA"	"Mus musculus"	1	GPL19057	GSE96982;GSE96986			SRX2670477	"Christophe Lancrin"	"Mar 20, 2018"
GSM2548451	"i8TFs_plus:CCAGCTAAGCT"	"SRA"	"Mus musculus"	1	GPL19057	GSE96982;GSE96986			SRX2670478	"Christophe Lancrin"	"Mar 20, 2018"
GSM2548452	"i8TFs_plus:CCATTATCAAG"	"SRA"	"Mus musculus"	1	GPL19057	GSE96982;GSE96986			SRX2670479	"Christophe Lancrin"	"Mar 20, 2018"
GSM2548453	"i8TFs_plus:CCATCTTCAAT"	"SRA"	"Mus musculus"	1	GPL19057	GSE96982;GSE96986			SRX2670480	"Christophe Lancrin"	"Mar 20, 2018"
GSM2548454	"i8TFs_plus:CCAGCTAATAG"	"SRA"	"Mus musculus"	1	GPL19057	GSE96982;GSE96986			SRX2670481	"Christophe Lancrin"	"Mar 20, 2018"
GSM2548455	"i8TFs_plus:CCGAATACTTC"	"SRA"	"Mus musculus"	1	GPL19057	GSE96982;GSE96986			SRX2670482	"Christophe Lancrin"	"Mar 20, 2018"
GSM2548456	"i8TFs_plus:CCGAACCAAGC"	"SRA"	"Mus musculus"	1	GPL19057	GSE96982;GSE96986			SRX2670483	"Christophe Lancrin"	"Mar 20, 2018"
GSM2548457	"i8TFs_plus:CCAGTCTAGAA"	"SRA"	"Mus musculus"	1	GPL19057	GSE96982;GSE96986			SRX2670484	"Christophe Lancrin"	"Mar 20, 2018"
GSM2548458	"i8TFs_plus:CCATTCAGAGT"	"SRA"	"Mus musculus"	1	GPL19057	GSE96982;GSE96986			SRX2670485	"Christophe Lancrin"	"Mar 20, 2018"
GSM2548459	"i8TFs_plus:CCATGGCCGAA"	"SRA"	"Mus musculus"	1	GPL19057	GSE96982;GSE96986			SRX2670486	"Christophe Lancrin"	"Mar 20, 2018"
GSM2548460	"i8TFs_plus:CCGACGCGAGT"	"SRA"	"Mus musculus"	1	GPL19057	GSE96982;GSE96986			SRX2670487	"Christophe Lancrin"	"Mar 20, 2018"
GSM2548461	"i8TFs_plus:CCGAACGGTTA"	"SRA"	"Mus musculus"	1	GPL19057	GSE96982;GSE96986			SRX2670488	"Christophe Lancrin"	"Mar 20, 2018"
GSM2548462	"i8TFs_plus:CCATAAGGATG"	"SRA"	"Mus musculus"	1	GPL19057	GSE96982;GSE96986			SRX2670489	"Christophe Lancrin"	"Mar 20, 2018"
GSM2548463	"i8TFs_plus:CCAGTTCAGGA"	"SRA"	"Mus musculus"	1	GPL19057	GSE96982;GSE96986			SRX2670490	"Christophe Lancrin"	"Mar 20, 2018"
GSM2548464	"i8TFs_plus:GGTCTATTAGA"	"SRA"	"Mus musculus"	1	GPL19057	GSE96982;GSE96986			SRX2670491	"Christophe Lancrin"	"Mar 20, 2018"
GSM2548465	"i8TFs_plus:GGTCTAGGATA"	"SRA"	"Mus musculus"	1	GPL19057	GSE96982;GSE96986			SRX2670492	"Christophe Lancrin"	"Mar 20, 2018"
GSM2548466	"i8TFs_plus:GGTCTCTTCCG"	"SRA"	"Mus musculus"	1	GPL19057	GSE96982;GSE96986			SRX2670493	"Christophe Lancrin"	"Mar 20, 2018"
GSM2548467	"i8TFs_plus:GGTCTATGGAT"	"SRA"	"Mus musculus"	1	GPL19057	GSE96982;GSE96986			SRX2670494	"Christophe Lancrin"	"Mar 20, 2018"
GSM2548468	"i8TFs_plus:GGTAGTCAGAC"	"SRA"	"Mus musculus"	1	GPL19057	GSE96982;GSE96986			SRX2670495	"Christophe Lancrin"	"Mar 20, 2018"
GSM2548469	"i8TFs_plus:GGTAGCTTAAG"	"SRA"	"Mus musculus"	1	GPL19057	GSE96982;GSE96986			SRX2670496	"Christophe Lancrin"	"Mar 20, 2018"
GSM2548470	"i8TFs_plus:GGTCGCAGAGA"	"SRA"	"Mus musculus"	1	GPL19057	GSE96982;GSE96986			SRX2670497	"Christophe Lancrin"	"Mar 20, 2018"
GSM2548471	"i8TFs_plus:GGTATCTGGAG"	"SRA"	"Mus musculus"	1	GPL19057	GSE96982;GSE96986			SRX2670498	"Christophe Lancrin"	"Mar 20, 2018"
GSM2548472	"i8TFs_plus:GGTCTAACTTA"	"SRA"	"Mus musculus"	1	GPL19057	GSE96982;GSE96986			SRX2670499	"Christophe Lancrin"	"Mar 20, 2018"
GSM2548473	"i8TFs_plus:GGTCTGATGCA"	"SRA"	"Mus musculus"	1	GPL19057	GSE96982;GSE96986			SRX2670500	"Christophe Lancrin"	"Mar 20, 2018"
GSM2548474	"i8TFs_plus:GGTCGTTCAGA"	"SRA"	"Mus musculus"	1	GPL19057	GSE96982;GSE96986			SRX2670501	"Christophe Lancrin"	"Mar 20, 2018"
GSM2548475	"i8TFs_plus:GGTAGTTCAAC"	"SRA"	"Mus musculus"	1	GPL19057	GSE96982;GSE96986			SRX2670502	"Christophe Lancrin"	"Mar 20, 2018"
GSM2548476	"i8TFs_plus:GGTTACTCCTT"	"SRA"	"Mus musculus"	1	GPL19057	GSE96982;GSE96986			SRX2670503	"Christophe Lancrin"	"Mar 20, 2018"
GSM2548477	"i8TFs_plus:GGTATCCTCAG"	"SRA"	"Mus musculus"	1	GPL19057	GSE96982;GSE96986			SRX2670504	"Christophe Lancrin"	"Mar 20, 2018"
GSM2548478	"i8TFs_plus:GTCGTCATGCC"	"SRA"	"Mus musculus"	1	GPL19057	GSE96982;GSE96986			SRX2670505	"Christophe Lancrin"	"Mar 20, 2018"
GSM2548479	"i8TFs_plus:GTCGTCTACGC"	"SRA"	"Mus musculus"	1	GPL19057	GSE96982;GSE96986			SRX2670506	"Christophe Lancrin"	"Mar 20, 2018"
GSM2548480	"i8TFs_plus:GTCGGTCGTCT"	"SRA"	"Mus musculus"	1	GPL19057	GSE96982;GSE96986			SRX2670507	"Christophe Lancrin"	"Mar 20, 2018"
GSM2548481	"i8TFs_plus:GTTATAATTCT"	"SRA"	"Mus musculus"	1	GPL19057	GSE96982;GSE96986			SRX2670508	"Christophe Lancrin"	"Mar 20, 2018"
GSM2548482	"i8TFs_plus:GTTAGGATCGG"	"SRA"	"Mus musculus"	1	GPL19057	GSE96982;GSE96986			SRX2670509	"Christophe Lancrin"	"Mar 20, 2018"
GSM2548483	"i8TFs_plus:GTCGGTAGGAG"	"SRA"	"Mus musculus"	1	GPL19057	GSE96982;GSE96986			SRX2670510	"Christophe Lancrin"	"Mar 20, 2018"
GSM2548484	"i8TFs_plus:GTCGCGGTAGC"	"SRA"	"Mus musculus"	1	GPL19057	GSE96982;GSE96986			SRX2670511	"Christophe Lancrin"	"Mar 20, 2018"
GSM2548485	"i8TFs_plus:GTCTATGGACC"	"SRA"	"Mus musculus"	1	GPL19057	GSE96982;GSE96986			SRX2670512	"Christophe Lancrin"	"Mar 20, 2018"
GSM2548486	"i8TFs_plus:GTCGTCTTCTA"	"SRA"	"Mus musculus"	1	GPL19057	GSE96982;GSE96986			SRX2670513	"Christophe Lancrin"	"Mar 20, 2018"
GSM2548487	"i8TFs_plus:GTCTACTGAAG"	"SRA"	"Mus musculus"	1	GPL19057	GSE96982;GSE96986			SRX2670514	"Christophe Lancrin"	"Mar 20, 2018"
GSM2548488	"i8TFs_plus:GTTATAGGAAT"	"SRA"	"Mus musculus"	1	GPL19057	GSE96982;GSE96986			SRX2670515	"Christophe Lancrin"	"Mar 20, 2018"
GSM2548489	"i8TFs_plus:GTTAGCTATGA"	"SRA"	"Mus musculus"	1	GPL19057	GSE96982;GSE96986			SRX2670516	"Christophe Lancrin"	"Mar 20, 2018"
GSM2548490	"i8TFs_plus:GTTATATGCAA"	"SRA"	"Mus musculus"	1	GPL19057	GSE96982;GSE96986			SRX2670517	"Christophe Lancrin"	"Mar 20, 2018"
GSM2548491	"i8TFs_plus:GTTAGTCTCGT"	"SRA"	"Mus musculus"	1	GPL19057	GSE96982;GSE96986			SRX2670518	"Christophe Lancrin"	"Mar 20, 2018"
GSM2548492	"i8TFs_plus:GTCTTGGCATG"	"SRA"	"Mus musculus"	1	GPL19057	GSE96982;GSE96986			SRX2670519	"Christophe Lancrin"	"Mar 20, 2018"
GSM2548493	"i8TFs_plus:GTTAACGACCT"	"SRA"	"Mus musculus"	1	GPL19057	GSE96982;GSE96986			SRX2670520	"Christophe Lancrin"	"Mar 20, 2018"
GSM2548494	"i8TFs_plus:GTTCAACGGTT"	"SRA"	"Mus musculus"	1	GPL19057	GSE96982;GSE96986			SRX2670521	"Christophe Lancrin"	"Mar 20, 2018"
GSM2548495	"i8TFs_plus:GTTATTACTTG"	"SRA"	"Mus musculus"	1	GPL19057	GSE96982;GSE96986			SRX2670522	"Christophe Lancrin"	"Mar 20, 2018"
GSM2548496	"i8TFs_plus:GTCGTTGATTC"	"SRA"	"Mus musculus"	1	GPL19057	GSE96982;GSE96986			SRX2670523	"Christophe Lancrin"	"Mar 20, 2018"
GSM2548497	"i8TFs_plus:GTCTGCAACGC"	"SRA"	"Mus musculus"	1	GPL19057	GSE96982;GSE96986			SRX2670524	"Christophe Lancrin"	"Mar 20, 2018"
GSM2548498	"i8TFs_plus:GTTCCGATCAA"	"SRA"	"Mus musculus"	1	GPL19057	GSE96982;GSE96986			SRX2670525	"Christophe Lancrin"	"Mar 20, 2018"
GSM2548499	"i8TFs_plus:GTTCAGGTATC"	"SRA"	"Mus musculus"	1	GPL19057	GSE96982;GSE96986			SRX2670526	"Christophe Lancrin"	"Mar 20, 2018"
GSM2548500	"i8TFs_plus:GTCTGGTATTC"	"SRA"	"Mus musculus"	1	GPL19057	GSE96982;GSE96986			SRX2670527	"Christophe Lancrin"	"Mar 20, 2018"
GSM2548501	"i8TFs_plus:GTCTGGTCCTT"	"SRA"	"Mus musculus"	1	GPL19057	GSE96982;GSE96986			SRX2670528	"Christophe Lancrin"	"Mar 20, 2018"
GSM2548502	"i8TFs_plus:GTTCATCGGAG"	"SRA"	"Mus musculus"	1	GPL19057	GSE96982;GSE96986			SRX2670529	"Christophe Lancrin"	"Mar 20, 2018"
GSM2548503	"i8TFs_plus:GTTCCATATTC"	"SRA"	"Mus musculus"	1	GPL19057	GSE96982;GSE96986			SRX2670530	"Christophe Lancrin"	"Mar 20, 2018"
GSM2548504	"i8TFs_plus:GTTACTAGGTC"	"SRA"	"Mus musculus"	1	GPL19057	GSE96982;GSE96986			SRX2670531	"Christophe Lancrin"	"Mar 20, 2018"
GSM2548505	"i8TFs_plus:GTTAGAACGCG"	"SRA"	"Mus musculus"	1	GPL19057	GSE96982;GSE96986			SRX2670532	"Christophe Lancrin"	"Mar 20, 2018"
GSM2548506	"i8TFs_plus:GTTAATGCAAC"	"SRA"	"Mus musculus"	1	GPL19057	GSE96982;GSE96986			SRX2670533	"Christophe Lancrin"	"Mar 20, 2018"
GSM2548507	"i8TFs_plus:GTTAATCATCC"	"SRA"	"Mus musculus"	1	GPL19057	GSE96982;GSE96986			SRX2670534	"Christophe Lancrin"	"Mar 20, 2018"
GSM2548508	"i8TFs_plus:GTTCGAGAGCG"	"SRA"	"Mus musculus"	1	GPL19057	GSE96982;GSE96986			SRX2670535	"Christophe Lancrin"	"Mar 20, 2018"
GSM2548509	"i8TFs_plus:GTTCGCTGGCT"	"SRA"	"Mus musculus"	1	GPL19057	GSE96982;GSE96986			SRX2670536	"Christophe Lancrin"	"Mar 20, 2018"
GSM2548510	"i8TFs_plus:GTTCCGTCTGG"	"SRA"	"Mus musculus"	1	GPL19057	GSE96982;GSE96986			SRX2670537	"Christophe Lancrin"	"Mar 20, 2018"
GSM2548511	"i8TFs_plus:GTTCCTAATGC"	"SRA"	"Mus musculus"	1	GPL19057	GSE96982;GSE96986			SRX2670538	"Christophe Lancrin"	"Mar 20, 2018"
GSM2548512	"i8TFs_plus:GTTACTGCCAT"	"SRA"	"Mus musculus"	1	GPL19057	GSE96982;GSE96986			SRX2670539	"Christophe Lancrin"	"Mar 20, 2018"
GSM2548513	"i8TFs_plus:TCAGTTCATAA"	"SRA"	"Mus musculus"	1	GPL19057	GSE96982;GSE96986			SRX2670540	"Christophe Lancrin"	"Mar 20, 2018"
GSM2548514	"i8TFs_plus:TCATGCTACGG"	"SRA"	"Mus musculus"	1	GPL19057	GSE96982;GSE96986			SRX2670541	"Christophe Lancrin"	"Mar 20, 2018"
GSM2548515	"i8TFs_plus:TCATGATCATG"	"SRA"	"Mus musculus"	1	GPL19057	GSE96982;GSE96986			SRX2670542	"Christophe Lancrin"	"Mar 20, 2018"
GSM2548516	"i8TFs_plus:TATATAGTCTT"	"SRA"	"Mus musculus"	1	GPL19057	GSE96982;GSE96986			SRX2670543	"Christophe Lancrin"	"Mar 20, 2018"
GSM2548517	"i8TFs_plus:TAGTTCGCGCC"	"SRA"	"Mus musculus"	1	GPL19057	GSE96982;GSE96986			SRX2670544	"Christophe Lancrin"	"Mar 20, 2018"
GSM2548518	"i8TFs_plus:GTTCGATCTTA"	"SRA"	"Mus musculus"	1	GPL19057	GSE96982;GSE96986			SRX2670545	"Christophe Lancrin"	"Mar 20, 2018"
GSM2548519	"i8TFs_plus:GTTCGAACTAC"	"SRA"	"Mus musculus"	1	GPL19057	GSE96982;GSE96986			SRX2670546	"Christophe Lancrin"	"Mar 20, 2018"
GSM2548520	"i8TFs_plus:GTTGACCAACG"	"SRA"	"Mus musculus"	1	GPL19057	GSE96982;GSE96986			SRX2670547	"Christophe Lancrin"	"Mar 20, 2018"
GSM2548521	"i8TFs_plus:GTTCTTACTCC"	"SRA"	"Mus musculus"	1	GPL19057	GSE96982;GSE96986			SRX2670548	"Christophe Lancrin"	"Mar 20, 2018"
GSM2548522	"i8TFs_plus:TAACCAGTTAG"	"SRA"	"Mus musculus"	1	GPL19057	GSE96982;GSE96986			SRX2670549	"Christophe Lancrin"	"Mar 20, 2018"
GSM2548523	"i8TFs_plus:GTTGGCTGATC"	"SRA"	"Mus musculus"	1	GPL19057	GSE96982;GSE96986			SRX2670550	"Christophe Lancrin"	"Mar 20, 2018"
GSM2548524	"i8TFs_plus:GTTGGATAGCC"	"SRA"	"Mus musculus"	1	GPL19057	GSE96982;GSE96986			SRX2670551	"Christophe Lancrin"	"Mar 20, 2018"
GSM2548525	"i8TFs_plus:GTTGGCTAGAA"	"SRA"	"Mus musculus"	1	GPL19057	GSE96982;GSE96986			SRX2670552	"Christophe Lancrin"	"Mar 20, 2018"
GSM2548526	"i8TFs_plus:GTTCTCGTAGT"	"SRA"	"Mus musculus"	1	GPL19057	GSE96982;GSE96986			SRX2670553	"Christophe Lancrin"	"Mar 20, 2018"
GSM2548527	"i8TFs_plus:GTTCGTCATGG"	"SRA"	"Mus musculus"	1	GPL19057	GSE96982;GSE96986			SRX2670554	"Christophe Lancrin"	"Mar 20, 2018"
GSM2548528	"i8TFs_plus:GTTGACCGCAT"	"SRA"	"Mus musculus"	1	GPL19057	GSE96982;GSE96986			SRX2670555	"Christophe Lancrin"	"Mar 20, 2018"
GSM2548529	"i8TFs_plus:GTTCTGCTCCA"	"SRA"	"Mus musculus"	1	GPL19057	GSE96982;GSE96986			SRX2670556	"Christophe Lancrin"	"Mar 20, 2018"
GSM2548530	"i8TFs_plus:GTTCTGGAATT"	"SRA"	"Mus musculus"	1	GPL19057	GSE96982;GSE96986			SRX2670557	"Christophe Lancrin"	"Mar 20, 2018"
GSM2548531	"i8TFs_plus:GTTCTGCCTAC"	"SRA"	"Mus musculus"	1	GPL19057	GSE96982;GSE96986			SRX2670558	"Christophe Lancrin"	"Mar 20, 2018"
GSM2548532	"i8TFs_plus:TAACCGATTCG"	"SRA"	"Mus musculus"	1	GPL19057	GSE96982;GSE96986			SRX2670559	"Christophe Lancrin"	"Mar 20, 2018"
GSM2548533	"i8TFs_plus:TAAGTTGAACG"	"SRA"	"Mus musculus"	1	GPL19057	GSE96982;GSE96986			SRX2670560	"Christophe Lancrin"	"Mar 20, 2018"
GSM2548534	"i8TFs_plus:GTTGATGGAGC"	"SRA"	"Mus musculus"	1	GPL19057	GSE96982;GSE96986			SRX2670561	"Christophe Lancrin"	"Mar 20, 2018"
GSM2548535	"i8TFs_plus:GTTGAGACCGC"	"SRA"	"Mus musculus"	1	GPL19057	GSE96982;GSE96986			SRX2670562	"Christophe Lancrin"	"Mar 20, 2018"
GSM2548536	"i8TFs_plus:GTTGACTCGTC"	"SRA"	"Mus musculus"	1	GPL19057	GSE96982;GSE96986			SRX2670563	"Christophe Lancrin"	"Mar 20, 2018"
GSM2548537	"i8TFs_plus:GTTGAGTCAAC"	"SRA"	"Mus musculus"	1	GPL19057	GSE96982;GSE96986			SRX2670564	"Christophe Lancrin"	"Mar 20, 2018"
GSM2548538	"i8TFs_plus:TAGGTAGGATA"	"SRA"	"Mus musculus"	1	GPL19057	GSE96982;GSE96986			SRX2670565	"Christophe Lancrin"	"Mar 20, 2018"
GSM2548539	"i8TFs_plus:GTTGCCGTCAG"	"SRA"	"Mus musculus"	1	GPL19057	GSE96982;GSE96986			SRX2670566	"Christophe Lancrin"	"Mar 20, 2018"
GSM2548540	"i8TFs_plus:GTTGCGGAGAT"	"SRA"	"Mus musculus"	1	GPL19057	GSE96982;GSE96986			SRX2670567	"Christophe Lancrin"	"Mar 20, 2018"
GSM2548541	"i8TFs_plus:TAGGATGGAAT"	"SRA"	"Mus musculus"	1	GPL19057	GSE96982;GSE96986			SRX2670568	"Christophe Lancrin"	"Mar 20, 2018"
GSM2548542	"i8TFs_plus:TAGGTCAGACC"	"SRA"	"Mus musculus"	1	GPL19057	GSE96982;GSE96986			SRX2670569	"Christophe Lancrin"	"Mar 20, 2018"
GSM2548543	"i8TFs_plus:TTGCTTAATCT"	"SRA"	"Mus musculus"	1	GPL19057	GSE96982;GSE96986			SRX2670570	"Christophe Lancrin"	"Mar 20, 2018"
GSM2548544	"i8TFs_plus:TTGCTATGCGA"	"SRA"	"Mus musculus"	1	GPL19057	GSE96982;GSE96986			SRX2670571	"Christophe Lancrin"	"Mar 20, 2018"
GSM2548545	"i8TFs_plus:TTGCTCTAGGT"	"SRA"	"Mus musculus"	1	GPL19057	GSE96982;GSE96986			SRX2670572	"Christophe Lancrin"	"Mar 20, 2018"
GSM2548546	"i8TFs_plus:TTGCTTACGGA"	"SRA"	"Mus musculus"	1	GPL19057	GSE96982;GSE96986			SRX2670573	"Christophe Lancrin"	"Mar 20, 2018"
GSM2548547	"i8TFs_plus:TCGCTTGCCGT"	"SRA"	"Mus musculus"	1	GPL19057	GSE96982;GSE96986			SRX2670574	"Christophe Lancrin"	"Mar 20, 2018"
GSM2548548	"i8TFs_plus:TCGATCTCTGG"	"SRA"	"Mus musculus"	1	GPL19057	GSE96982;GSE96986			SRX2670575	"Christophe Lancrin"	"Mar 20, 2018"
GSM2548549	"i8TFs_plus:TTGCTGGCCGC"	"SRA"	"Mus musculus"	1	GPL19057	GSE96982;GSE96986			SRX2670576	"Christophe Lancrin"	"Mar 20, 2018"
GSM2548550	"i8TFs_plus:TTGCTACTAAT"	"SRA"	"Mus musculus"	1	GPL19057	GSE96982;GSE96986			SRX2670577	"Christophe Lancrin"	"Mar 20, 2018"
GSM2548551	"i8TFs_plus:TCGGTCGTCGC"	"SRA"	"Mus musculus"	1	GPL19057	GSE96982;GSE96986			SRX2670578	"Christophe Lancrin"	"Mar 20, 2018"
GSM2548552	"i8TFs_plus:TCGGTTAACTT"	"SRA"	"Mus musculus"	1	GPL19057	GSE96982;GSE96986			SRX2670579	"Christophe Lancrin"	"Mar 20, 2018"
GSM2548553	"i8TFs_plus:TCGGAGGTACT"	"SRA"	"Mus musculus"	1	GPL19057	GSE96982;GSE96986			SRX2670580	"Christophe Lancrin"	"Mar 20, 2018"
GSM2548554	"i8TFs_plus:TCGGCTGGCGG"	"SRA"	"Mus musculus"	1	GPL19057	GSE96982;GSE96986			SRX2670581	"Christophe Lancrin"	"Mar 20, 2018"
GSM2548555	"i8TFs_plus:TTGGACGTAGA"	"SRA"	"Mus musculus"	1	GPL19057	GSE96982;GSE96986			SRX2670582	"Christophe Lancrin"	"Mar 20, 2018"
GSM2548556	"i8TFs_plus:TCGGCGGAGGT"	"SRA"	"Mus musculus"	1	GPL19057	GSE96982;GSE96986			SRX2670583	"Christophe Lancrin"	"Mar 20, 2018"
GSM2548557	"i8TFs_plus:TCGTATTCGCC"	"SRA"	"Mus musculus"	1	GPL19057	GSE96982;GSE96986			SRX2670584	"Christophe Lancrin"	"Mar 20, 2018"
GSM2548558	"i8TFs_plus:TCGTTAAGTTC"	"SRA"	"Mus musculus"	1	GPL19057	GSE96982;GSE96986			SRX2670585	"Christophe Lancrin"	"Mar 20, 2018"
GSM2548559	"i8TFs_plus:TCGTCTCGAGG"	"SRA"	"Mus musculus"	1	GPL19057	GSE96982;GSE96986			SRX2670586	"Christophe Lancrin"	"Mar 20, 2018"
GSM2548560	"i8TFs_plus:TTGGAGAGTAG"	"SRA"	"Mus musculus"	1	GPL19057	GSE96982;GSE96986			SRX2670587	"Christophe Lancrin"	"Mar 20, 2018"
GSM2548561	"i8TFs_plus:TTGGATATCCG"	"SRA"	"Mus musculus"	1	GPL19057	GSE96982;GSE96986			SRX2670588	"Christophe Lancrin"	"Mar 20, 2018"
GSM2548562	"i8TFs_plus:TCTACCATTCT"	"SRA"	"Mus musculus"	1	GPL19057	GSE96982;GSE96986			SRX2670589	"Christophe Lancrin"	"Mar 20, 2018"
GSM2548563	"i8TFs_plus:TCTATACGATG"	"SRA"	"Mus musculus"	1	GPL19057	GSE96982;GSE96986			SRX2670590	"Christophe Lancrin"	"Mar 20, 2018"
GSM2548564	"i8TFs_plus:TCGTTCTTGGT"	"SRA"	"Mus musculus"	1	GPL19057	GSE96982;GSE96986			SRX2670591	"Christophe Lancrin"	"Mar 20, 2018"
GSM2548565	"i8TFs_plus:TCTACCGAGTC"	"SRA"	"Mus musculus"	1	GPL19057	GSE96982;GSE96986			SRX2670592	"Christophe Lancrin"	"Mar 20, 2018"
GSM2548566	"i8TFs_plus:TTGGCTTACCA"	"SRA"	"Mus musculus"	1	GPL19057	GSE96982;GSE96986			SRX2670593	"Christophe Lancrin"	"Mar 20, 2018"
GSM2548567	"i8TFs_plus:TTGGCGCAATT"	"SRA"	"Mus musculus"	1	GPL19057	GSE96982;GSE96986			SRX2670594	"Christophe Lancrin"	"Mar 20, 2018"
GSM2548568	"i8TFs_plus:TCGTCTGGTAG"	"SRA"	"Mus musculus"	1	GPL19057	GSE96982;GSE96986			SRX2670595	"Christophe Lancrin"	"Mar 20, 2018"
GSM2548569	"K562:AACGAACGTAT"	"SRA"	"Homo sapiens"	1	GPL18573	GSE96982;GSE96986			SRX2670596	"Christophe Lancrin"	"Mar 20, 2018"
GSM2548570	"K562:AACCTTCTTAC"	"SRA"	"Homo sapiens"	1	GPL18573	GSE96982;GSE96986			SRX2670597	"Christophe Lancrin"	"Mar 20, 2018"
GSM2548571	"K562:AACGCGGTCAT"	"SRA"	"Homo sapiens"	1	GPL18573	GSE96982;GSE96986			SRX2670598	"Christophe Lancrin"	"Mar 20, 2018"
GSM2548572	"K562:AACGATAATCC"	"SRA"	"Homo sapiens"	1	GPL18573	GSE96982;GSE96986			SRX2670599	"Christophe Lancrin"	"Mar 20, 2018"
GSM2548573	"K562:AACGCTCAATA"	"SRA"	"Homo sapiens"	1	GPL18573	GSE96982;GSE96986			SRX2670600	"Christophe Lancrin"	"Mar 20, 2018"
GSM2548574	"K562:AACGATCAGTT"	"SRA"	"Homo sapiens"	1	GPL18573	GSE96982;GSE96986			SRX2670601	"Christophe Lancrin"	"Mar 20, 2018"
GSM2548575	"K562:AACGCTTCGTT"	"SRA"	"Homo sapiens"	1	GPL18573	GSE96982;GSE96986			SRX2670602	"Christophe Lancrin"	"Mar 20, 2018"
GSM2548576	"K562:AAGACCGCATA"	"SRA"	"Homo sapiens"	1	GPL18573	GSE96982;GSE96986			SRX2670603	"Christophe Lancrin"	"Mar 20, 2018"
GSM2548577	"K562:AAGACGACGTA"	"SRA"	"Homo sapiens"	1	GPL18573	GSE96982;GSE96986			SRX2670604	"Christophe Lancrin"	"Mar 20, 2018"
GSM2548578	"K562:CTTCTACTGCA"	"SRA"	"Homo sapiens"	1	GPL18573	GSE96982;GSE96986			SRX2670605	"Christophe Lancrin"	"Mar 20, 2018"
GSM2548579	"K562:GAACCTTCGTA"	"SRA"	"Homo sapiens"	1	GPL18573	GSE96982;GSE96986			SRX2670606	"Christophe Lancrin"	"Mar 20, 2018"
GSM2548580	"K562:GCGAGTTCTTG"	"SRA"	"Homo sapiens"	1	GPL18573	GSE96982;GSE96986			SRX2670607	"Christophe Lancrin"	"Mar 20, 2018"
GSM2548581	"K562:GCGTCATTATG"	"SRA"	"Homo sapiens"	1	GPL18573	GSE96982;GSE96986			SRX2670608	"Christophe Lancrin"	"Mar 20, 2018"
GSM2548582	"K562:GCGGTTGCCTT"	"SRA"	"Homo sapiens"	1	GPL18573	GSE96982;GSE96986			SRX2670609	"Christophe Lancrin"	"Mar 20, 2018"
GSM2548583	"K562:GGTCCAGAGCC"	"SRA"	"Homo sapiens"	1	GPL18573	GSE96982;GSE96986			SRX2670610	"Christophe Lancrin"	"Mar 20, 2018"
GSM2548584	"Neg_Ctrl:GTTATTGCGTT"	"SRA"	"other sequences"	1	GPL24755	GSE96982;GSE96986			SRX2670611	"Christophe Lancrin"	"Mar 20, 2018"
GSM2548585	"Neg_Ctrl:GTATCTACTAC"	"SRA"	"other sequences"	1	GPL24755	GSE96982;GSE96986			SRX2670612	"Christophe Lancrin"	"Mar 20, 2018"
GSM2548586	"Neg_Ctrl:GTCTGACGGAT"	"SRA"	"other sequences"	1	GPL24755	GSE96982;GSE96986			SRX2670613	"Christophe Lancrin"	"Mar 20, 2018"
GSM2548587	"Neg_Ctrl:GGTTCTTATAC"	"SRA"	"other sequences"	1	GPL24755	GSE96982;GSE96986			SRX2670614	"Christophe Lancrin"	"Mar 20, 2018"
GSM2548588	"Pos_Ctrl:GTTATCAAGTC"	"SRA"	"Mus musculus"	1	GPL19057	GSE96982;GSE96986			SRX2670615	"Christophe Lancrin"	"Mar 20, 2018"
GSM2548589	"Pos_Ctrl:GTAGTCGTCCA"	"SRA"	"Mus musculus"	1	GPL19057	GSE96982;GSE96986			SRX2670616	"Christophe Lancrin"	"Mar 20, 2018"
GSM2548590	"Pos_Ctrl:GTCGTCTTAGG"	"SRA"	"Mus musculus"	1	GPL19057	GSE96982;GSE96986			SRX2670617	"Christophe Lancrin"	"Mar 20, 2018"
GSM2548591	"Pos_Ctrl:GGTTCCGCCTG"	"SRA"	"Mus musculus"	1	GPL19057	GSE96982;GSE96986			SRX2670618	"Christophe Lancrin"	"Mar 20, 2018"
