cellName	state	cellBarcode
c1	c1	E_minus	AACCAATCGTC
c2	c2	E_minus	AACCGTCTCTA
c3	c3	E_minus	AACCATCTATT
c4	c4	E_minus	AACCAGTCAGG
c5	c5	E_minus	AACCGTAGATT
c6	c6	E_minus	AACCGGCATTA
c7	c7	E_minus	AACCAGATTCC
c8	c8	E_minus	AACCAGCAACT
c9	c9	E_minus	AACCATTGGCT
c10	c10	E_minus	AACCGCAACCT
c12	c12	E_minus	AACCTCCTGAA
c13	c13	E_minus	AACCGAGTCAG
c14	c14	E_minus	AACTATTATTG
c15	c15	E_minus	AACGTACCTGA
c16	c16	E_minus	AACGTATAGGT
c17	c17	E_minus	AACGTACGCCA
c18	c18	E_minus	AACCTGGTATT
c19	c19	E_minus	AACGTCGCTAG
c20	c20	E_minus	AACGTTACTCG
c21	c21	E_minus	AACTCAATGAG
c22	c22	E_minus	AACGTAATCGC
c23	c23	E_minus	AACGTAGATCT
c24	c24	E_minus	AACTCGAGATC
c25	c25	E_minus	AACTAACCTTG
c26	c26	E_minus	AACTAATCAGA
c27	c27	E_minus	AACTAACGTCA
c28	c28	E_minus	AACTCGCGCCG
c29	c29	E_minus	AACTCCTGGCC
c30	c30	E_minus	AACTAGAGCCT
c31	c31	E_minus	AACTACGGTCC
c32	c32	E_minus	AACTACCAGCG
c33	c33	E_minus	AACTCGTTCCT
c34	c34	E_minus	CGCTTCTGCTC
c35	c35	E_minus	CGTAGCAGTTA
c36	c36	E_minus	CGGCGCGGCGA
c37	c37	E_minus	CGGATTGCTGA
c38	c38	E_minus	CGTCGTAACTG
c39	c39	E_minus	CGTCCTCAGCT
c40	c40	E_minus	CGTCGATCGTT
c41	c41	E_minus	CGGTATGCGCA
c42	c42	E_minus	CGGTATTAACC
c43	c43	E_minus	CGTCTTCCATA
c44	c44	E_minus	CGTCTATACCG
c45	c45	E_minus	CGTTAGATCGG
c46	c46	E_minus	CGGCTTGGAGG
c47	c47	E_minus	CGTTATCCTTA
c48	c48	E_minus	CGGTCTTCTTC
c49	c49	E_minus	CGGTTAATGAG
c50	c50	E_minus	CGTTCGGCCGC
c51	c51	E_minus	CGTTATGAACT
c52	c52	E_minus	CTGGTAGGCGG
c53	c53	E_minus	CTGGTAATCAG
c54	c54	E_minus	CTGGTTCTGAA
c55	c55	E_minus	CTGGTCGAACC
c56	c56	E_minus	CTTCCAGTTGA
c57	c57	E_minus	CTTGGATCGAA
c58	c58	E_minus	CTTAGTCGAGG
c59	c59	E_minus	CTGGTTAACTG
c60	c60	E_minus	CTTACGGTACG
c61	c61	E_minus	GAACCGCAGCG
c62	c62	E_minus	GAACCGATGGA
c63	c63	E_minus	GAACCGTAGTT
c64	c64	E_minus	GAACCATACTG
c65	c65	E_minus	CTTCCATTGGT
c66	c66	E_minus	GAACCGAGCCG
c67	c67	E_minus	CTCCGAGGATC
c68	c68	E_minus	CTCCTCCGTAG
c69	c69	E_minus	CTCCGATCGGT
c70	c70	E_minus	CTGCGTACGGT
c71	c71	E_minus	CTCCGCGAGAC
c72	c72	E_minus	GAAGCCTTCCG
c74	c74	E_minus	GAACGGACTCG
c75	c75	E_minus	GAACGCCGGAT
c76	c76	E_minus	CTGCTTCTTCA
c77	c77	E_minus	CTGGATTGACC
c78	c78	E_minus	CTGCTGGTTCT
c79	c79	E_minus	CTGGAAGCTCT
c81	c81	E_minus	GAACTACGTAT
c82	c82	E_minus	GAAGCATGACC
c83	c83	E_minus	GAACGGCGTAA
c84	c84	E_minus	GAACGATGGCC
c85	c85	E_minus	GAACGCTAAGG
c86	c86	E_minus	GACTGACGCTG
c87	c87	E_minus	GAGAAGCGTAG
c88	c88	E_minus	GAACTAAGCTC
c89	c89	E_minus	GACTCAAGCCT
c90	c90	E_minus	GAGGTCAGCGA
c91	c91	E_minus	GAGTCGCGGCC
c92	c92	E_minus	GAAGAATCCGG
c93	c93	E_minus	GAACTTAAGGC
c94	c94	E_minus	GCTCTCATAAG
c95	c95	E_minus	GATTCATGCCG
c96	c96	E_minus	GATTAGATTCT
c97	c97	E_minus	GAGTTGCTGAC
c98	c98	E_minus	GGAGTATATAC
c99	c99	E_minus	GGAGTCGTTAA
c100	c100	E_minus	GGACGCGGAAG
c101	c101	E_minus	GCTCTTCCTCA
c102	c102	E_minus	GCTCGGCTTGA
c103	c103	E_minus	GGAGGTTACTA
c104	c104	E_minus	GGAACCGCCTA
c105	c105	E_minus	GCTGAGTACCG
c106	c106	E_minus	GGATGCCAGGC
c107	c107	E_minus	GGAGTTCGTCT
c108	c108	E_minus	TGATTGGACCG
c109	c109	E_minus	TGATTGCCTTC
c110	c110	E_minus	TGATTAGTCTA
c111	c111	E_minus	TGATTGCTACG
c112	c112	E_minus	TGGAAGGTTGG
c113	c113	E_minus	TGCTTGATAGC
c114	c114	E_minus	TGGTTGGTACT
c115	c115	E_minus	TTATGACTATG
c116	c116	E_minus	TTAATCTCGAG
c117	c117	E_minus	TTCAATGACGG
c118	c118	E_minus	TTATGGTAGCG
c119	c119	E_minus	TTACGTTCCGT
c120	c120	E_minus	TTATGCTCAAC
c121	c121	E_minus	TTATCTCCTCA
c122	c122	E_minus	TTATGCGACTC
c123	c123	E_minus	TTAGGAGTATA
c124	c124	E_minus	TTAGATCCGCC
c125	c125	E_minus	TTAGATGATAC
c126	c126	E_minus	TTCAGGAGGCA
c127	c127	E_minus	TTACTGCTTAC
c128	c128	E_minus	TTAGAAGCGAA
c129	c129	E_minus	TTATACGTATC
c130	c130	E_minus	TTATAAGCTGA
c131	c131	E_minus	TTATAACTTAC
c132	c132	E_minus	TTCGTATTGCC
c133	c133	E_minus	TTCGCCTCCGA
c134	c134	E_minus	TTCGAGATCAT
c135	c135	E_minus	TTGAGCGATAG
c136	c136	E_minus	TTGATATACTA
c137	c137	E_minus	TTGAGAACCGA
c138	c138	E_minus	TTGAAGTAACC
c139	c139	E_minus	TTGACGACCTG
c140	c140	E_minus	TTCTTATCCGC
c141	c141	E_minus	TTGAACGCCTG
c142	c142	E_minus	TTCTTAGCGAG
c143	c143	E_minus	TTGCTAATGAA
c144	c144	E_minus	TTGCGCGCTCA
c145	c145	E_minus	TTGCGCGGTTC
c146	c146	E_minus	TTGCCGGAACC
c147	c147	E_minus	TTGCCGCATAT
c148	c148	E_minus	TTGCCTGGCTC
c150	c150	E_minus	TTGATGCAATC
c151	c151	E_plus	CGACCTTGGTA
c152	c152	E_plus	CGACTCAACTG
c153	c153	E_plus	CGACCATCGAA
c154	c154	E_plus	CGACCGATCGT
c155	c155	E_plus	CCGACTAAGCA
c156	c156	E_plus	CCGAGCGAGCG
c157	c157	E_plus	CGACTATAGTT
c158	c158	E_plus	CGAAGTTGATA
c159	c159	E_plus	CGAATCTAATT
c161	c161	E_plus	CGAGGTTATAG
c162	c162	E_plus	CGAGGTTGAGT
c163	c163	E_plus	CCGCCAAGAAT
c164	c164	E_plus	CCGCAGGCCGG
c165	c165	E_plus	CGATTGGTAAC
c166	c166	E_plus	CCGCCTTGCAT
c167	c167	E_plus	CCGCTAGACTT
c168	c168	E_plus	CCGCCTGGAAG
c169	c169	E_plus	CGAGTAACTTC
c170	c170	E_plus	CGAGTTGAGAC
c171	c171	E_plus	CCGGCTCGACC
c172	c172	E_plus	CCGCTTCAGCA
c173	c173	E_plus	CCGGTCTACGA
c174	c174	E_plus	CCGCTTGCGCT
c175	c175	E_plus	CGCAGTAGTTG
c178	c178	E_plus	CCGCCTGCAGT
c179	c179	E_plus	CGCCTAAGACG
c180	c180	E_plus	CGCGAGAGATA
c181	c181	E_plus	CGCCAAGCTGC
c182	c182	E_plus	CGCCAAGTAAG
c183	c183	E_plus	CCGTAACCAGA
c184	c184	E_plus	CGCCATCAACT
c185	c185	E_plus	CGCCTATAATC
c186	c186	E_plus	CGCCAACTCGG
c187	c187	E_plus	CGCCATCAGAG
c188	c188	E_plus	CGCCTCAATCC
c189	c189	E_plus	CGCCATAGGAT
c191	c191	E_plus	CTCCTGGCTCG
c192	c192	E_plus	CTCGCAGTAAT
c193	c193	E_plus	CTCGGTTCGCT
c194	c194	E_plus	CGTTGAATCGA
c195	c195	E_plus	CGTTGATAATC
c197	c197	E_plus	CTCTCGCTGCC
c199	c199	E_plus	CTAGCTCAAGA
c200	c200	E_plus	CTACGATATTC
c202	c202	E_plus	CTAACGGTCAA
c203	c203	E_plus	CTCGGCTCCGC
c204	c204	E_plus	CTCGCATACGG
c205	c205	E_plus	CTCTAACGGAC
c206	c206	E_plus	CTCCTTGCTTA
c208	c208	E_plus	CTCAATCGATA
c209	c209	E_plus	CTCTCTGGTTA
c210	c210	E_plus	CTCTGCTGCAG
c211	c211	E_plus	CTACCAACTCG
c212	c212	E_plus	CTAGCCATGCC
c213	c213	E_plus	CTATATCATGA
c215	c215	E_plus	CTGAGATTCTC
c216	c216	E_plus	CTGCCTTCCGA
c217	c217	E_plus	CTCCATAAGGT
c218	c218	E_plus	CTATTACGCGA
c219	c219	E_plus	CTCCAGGCAAG
c220	c220	E_plus	CTCCAACGCCG
c221	c221	E_plus	CTGAGTTAACC
c222	c222	E_plus	TTGGTCAAGCT
c223	c223	E_plus	TTGGTTGCGTA
c225	c225	E_plus	TCTATGAATTG
c226	c226	E_plus	TCTAATGGCGG
c227	c227	E_plus	TTGGTCTGACG
c228	c228	E_plus	TTGGTAGCTGA
c230	c230	E_plus	TGGACTTACGC
c231	c231	E_plus	TGGAGACGATG
c232	c232	E_plus	TGGAGGCGGCT
c233	c233	E_plus	TGGAGACTACC
c234	c234	E_plus	TGGCTCAACCA
c235	c235	E_plus	TGGCGTCAGCA
c236	c236	E_plus	TGGCGTTCCAG
c238	c238	E_plus	TGGCGGCCTCC
c239	c239	E_plus	TGGAGATTAAG
c240	c240	E_plus	TGGCTTGGTAG
c241	c241	E_plus	TGGCTTGCAGA
c242	c242	E_plus	TGGATAGAGAA
c243	c243	E_plus	TGGATAGCGTC
c244	c244	E_plus	TGGCTCGTTGG
c245	c245	E_plus	TGGCTATGCCG
c246	c246	E_plus	TGGCGTCAATT
c247	c247	E_plus	TGGCTACGTCC
c249	c249	E_plus	TGGATGCTGAG
c250	c250	E_plus	TGGATGGCAGT
c251	c251	E_plus	TGGTAATGAGT
c252	c252	E_plus	TGGTACTTCAA
c253	c253	E_plus	TGGCTGCGCCT
c254	c254	E_plus	TGGAGTTGACC
c255	c255	E_plus	TGGATAAGTCG
c256	c256	E_plus	TGGATACGCCA
c257	c257	E_plus	TGGTCCAGATT
c258	c258	E_plus	TGGTCAGTTCG
c259	c259	E_plus	TGGTCCATTGG
c260	c260	E_plus	TGGCAGGATGC
c261	c261	E_plus	TGGTATAAGTA
c262	c262	E_plus	TGGTAGCTATA
c263	c263	E_plus	TGGCGCGCAAG
c265	c265	E_plus	TGGTCTAGCGG
c266	c266	E_plus	TGGTTAGATTG
c267	c267	E_plus	TGGCGAGTTGC
c268	c268	E_plus	TGGCCGAGCTG
c269	c269	E_plus	TGGCGAGACTG
c270	c270	E_plus	TTCTCCGAGGT
c271	c271	E_plus	TTCGTCTCTAA
c272	c272	E_plus	TTCGCGGAATC
c273	c273	E_plus	TTCGCGGAGCA
c274	c274	E_plus	TTCGGATAATG
c275	c275	E_plus	TTCGGTCGCCA
c276	c276	E_plus	TTCGCGCGTCA
c277	c277	E_plus	TTGATAAGTAC
c278	c278	E_plus	TTGAGACTGGC
c279	c279	E_plus	TTGAAGCTAGG
c281	c281	E_plus	TTCTTAAGATG
c282	c282	E_plus	TTCTGGTTAAC
c283	c283	E_plus	TTGCGGAGCCG
c284	c284	E_plus	TTGCGTATCTG
c285	c285	E_plus	TTGCGGACGCC
c286	c286	E_plus	TTGCAGTCTAC
c287	c287	E_plus	TTGCCATCATT
c288	c288	E_plus	TTGCCTATGGC
c289	c289	E_plus	TTGCAAGCGAT
c290	c290	E_plus	TTGATCGCGCA
c291	c291	E_plus	CCGGTCCAGAG
c292	c292	E_plus	CGATTCTAGAT
c294	c294	E_plus	CTCTAACTAGA
c296	c296	E_plus	TCTATGATTCC
c297	c297	E_plus	TCGTTGCGTAC
c298	c298	E_plus	TTGATTCAGAT
c299	c299	E_plus	TTGATCGTCGA
c301	c301	i8TFs_minus	AACTGAGTTCG
c302	c302	i8TFs_minus	AAGAGCCAGCA
c305	c305	i8TFs_minus	AACTGGCAGGT
c307	c307	i8TFs_minus	ACCATAATACT
c308	c308	i8TFs_minus	ACCATCAGCAG
c309	c309	i8TFs_minus	ACCAATGACGT
c310	c310	i8TFs_minus	AAGAGCCTATA
c311	c311	i8TFs_minus	ACCAGACGCGT
c312	c312	i8TFs_minus	AAGCAACGGAG
c320	c320	i8TFs_minus	ACGAATTGATA
c321	c321	i8TFs_minus	ACGAATGACCA
c322	c322	i8TFs_minus	ACGACCGCAGT
c323	c323	i8TFs_minus	ACCAACTGGAC
c325	c325	i8TFs_minus	ACCAACTTACC
c328	c328	i8TFs_minus	ACGCAATGGCT
c329	c329	i8TFs_minus	ACCAAGCCAAC
c331	c331	i8TFs_minus	ACGTCAACTCT
c333	c333	i8TFs_minus	ATTATATCTCA
c334	c334	i8TFs_minus	ATGGCCGTATG
c338	c338	i8TFs_minus	ATTGAGTATTG
c339	c339	i8TFs_minus	AGTAGGCGGCA
c341	c341	i8TFs_minus	CATCAATCGGT
c342	c342	i8TFs_minus	CAGCTTGGATT
c343	c343	i8TFs_minus	CCAAGCTATAT
c344	c344	i8TFs_minus	CCAAGTAACCT
c345	c345	i8TFs_minus	CATCCTGGTTG
c346	c346	i8TFs_minus	CATCGATAGTC
c347	c347	i8TFs_minus	CATCGGCTTAG
c348	c348	i8TFs_minus	CCAAGCGGTCC
c350	c350	i8TFs_minus	CCAATAGGAAG
c352	c352	i8TFs_minus	CCAACCGCGTC
c353	c353	i8TFs_minus	CCAATGCTTAG
c354	c354	i8TFs_minus	CCTGATGCTAT
c355	c355	i8TFs_minus	CCGTCCATCCT
c356	c356	i8TFs_minus	CCGTTACCTCG
c357	c357	i8TFs_minus	CCGTTATCTAT
c358	c358	i8TFs_minus	CCTACGGCCAG
c359	c359	i8TFs_minus	CCTATTGAATT
c362	c362	i8TFs_minus	CCTGGTTGCAG
c363	c363	i8TFs_minus	CCTGGTCGGTA
c364	c364	i8TFs_minus	CCTTCAGCTCT
c366	c366	i8TFs_minus	CCTCCAGCGTT
c367	c367	i8TFs_minus	CCTCATACCGG
c368	c368	i8TFs_minus	CGGAGCTTACC
c369	c369	i8TFs_minus	CGCGGCAGCCG
c370	c370	i8TFs_minus	CGCGCGCAGCC
c371	c371	i8TFs_minus	CCTCGGTCTAT
c375	c375	i8TFs_minus	GCTGGCAGCCG
c377	c377	i8TFs_minus	GCTTGGATAGT
c378	c378	i8TFs_minus	GCTTAGTATTC
c379	c379	i8TFs_minus	GCTTATGCTGC
c380	c380	i8TFs_minus	GCTTATGGAGT
c381	c381	i8TFs_minus	GCTTCTCGAAG
c382	c382	i8TFs_minus	GGCATACTGAG
c384	c384	i8TFs_minus	GCTGGCTTCAG
c387	c387	i8TFs_minus	GCTTGGTCCAA
c388	c388	i8TFs_minus	GCTTCGCGAGT
c389	c389	i8TFs_minus	GCTTGGTAGAC
c390	c390	i8TFs_minus	GGCGTTGACTG
c391	c391	i8TFs_minus	GGCTCGTTAGC
c392	c392	i8TFs_minus	GGCGGTCCTCA
c393	c393	i8TFs_minus	GGCGGTCTACT
c394	c394	i8TFs_minus	GGTTCCAATTC
c396	c396	i8TFs_minus	GTAGGATAGGA
c397	c397	i8TFs_minus	GGTTAGATGGC
c398	c398	i8TFs_minus	GGTTATCTCGA
c399	c399	i8TFs_minus	GTATACCTATA
c400	c400	i8TFs_minus	GTATACCAGAT
c403	c403	i8TFs_minus	GGTTGGCTACC
c405	c405	i8TFs_minus	GGTTCTTGGCT
c406	c406	i8TFs_minus	GGTTCGGATAA
c407	c407	i8TFs_minus	GTATGCTTCAT
c408	c408	i8TFs_minus	GTATTCGCGAC
c409	c409	i8TFs_minus	GTAACGACTCG
c411	c411	i8TFs_minus	GGTTGGTCATA
c412	c412	i8TFs_minus	GGTTGGTCCGT
c413	c413	i8TFs_minus	GTATTGAATTG
c414	c414	i8TFs_minus	GTATTGCCTGA
c415	c415	i8TFs_minus	GTCCGTTGCCG
c416	c416	i8TFs_minus	GTCATTGGCGA
c417	c417	i8TFs_minus	GTACGGTATGA
c421	c421	i8TFs_minus	GTCCAATGCGC
c422	c422	i8TFs_minus	TATCTTGGATA
c423	c423	i8TFs_minus	TATCGGATAGC
c424	c424	i8TFs_minus	TCCATCATCGT
c425	c425	i8TFs_minus	TATGGCTCTTA
c427	c427	i8TFs_minus	TCCTATAGTTC
c428	c428	i8TFs_minus	TCCGTCCTTAG
c429	c429	i8TFs_minus	TATTGATCCAA
c430	c430	i8TFs_minus	TCCTTCCTCCG
c431	c431	i8TFs_minus	TCCTTCCATGC
c432	c432	i8TFs_minus	TCCTCGACTTC
c433	c433	i8TFs_minus	TCAACTGATTG
c436	c436	i8TFs_minus	TCCTGAATTCT
c438	c438	i8TFs_minus	TCAAGCGTTGG
c439	c439	i8TFs_minus	TCAATTACGAC
c440	c440	i8TFs_minus	TGCGATACCTC
c441	c441	i8TFs_minus	TGCGATGGAGA
c442	c442	i8TFs_minus	TGAGTCCGTTA
c444	c444	i8TFs_minus	TGCGTAGTCGG
c445	c445	i8TFs_minus	TGAGGCTGGAA
c446	c446	i8TFs_minus	TGCTGCCATTG
c447	c447	i8TFs_minus	TGAGTTCTCTT
c449	c449	i8TFs_minus	TGCTGGAACGA
c450	c450	i8TFs_minus	TGATATTGCTC
c452	c452	i8TFs_plus	AAGAGACGCTC
c453	c453	i8TFs_plus	AAGAGAGCAGA
c454	c454	i8TFs_plus	AAGAATAAGTC
c455	c455	i8TFs_plus	ACTCTATTCAG
c456	c456	i8TFs_plus	AAGAGAGTCTA
c457	c457	i8TFs_plus	AAGAGAATATC
c458	c458	i8TFs_plus	AAGAATAGACG
c459	c459	i8TFs_plus	AAGAAGTTGAC
c460	c460	i8TFs_plus	AAGAATATATA
c461	c461	i8TFs_plus	AGAAGATTGGC
c462	c462	i8TFs_plus	AGAAGCGCCGC
c463	c463	i8TFs_plus	AGAAGCCTCCA
c464	c464	i8TFs_plus	AGAACCGAACC
c465	c465	i8TFs_plus	ACTTAATAGTA
c466	c466	i8TFs_plus	AGAAGCTCATT
c467	c467	i8TFs_plus	AGAACGCCATC
c468	c468	i8TFs_plus	AGAAGTAACTG
c469	c469	i8TFs_plus	AGAATACGTTG
c470	c470	i8TFs_plus	AGAAGGTACCT
c471	c471	i8TFs_plus	AGAATATACGT
c472	c472	i8TFs_plus	AGAATATCGTC
c473	c473	i8TFs_plus	AGAATATCTAT
c474	c474	i8TFs_plus	AGAACGTTGAT
c475	c475	i8TFs_plus	AGAAGTCGCTA
c476	c476	i8TFs_plus	AGAAGAGAAGT
c477	c477	i8TFs_plus	AGAGAACCAAC
c478	c478	i8TFs_plus	AGAGAACGACG
c479	c479	i8TFs_plus	AGAATCAGATG
c480	c480	i8TFs_plus	AGAATCAGTCT
c481	c481	i8TFs_plus	AGACCAACGGC
c482	c482	i8TFs_plus	AGGCGTCGAGT
c483	c483	i8TFs_plus	AGAAGACGCAG
c484	c484	i8TFs_plus	AGAAGAGCATG
c486	c486	i8TFs_plus	AGGAACTGAAC
c487	c487	i8TFs_plus	AGGATGATTCA
c488	c488	i8TFs_plus	AGAGTAACTCG
c490	c490	i8TFs_plus	CAACCGCTACG
c491	c491	i8TFs_plus	CCAACGACGAC
c492	c492	i8TFs_plus	CCAACGATCCT
c493	c493	i8TFs_plus	CAACCGCCAGC
c494	c494	i8TFs_plus	CAACCGGCGGA
c495	c495	i8TFs_plus	CCAAGACGCAT
c496	c496	i8TFs_plus	CCAACTCGCAG
c497	c497	i8TFs_plus	CCAAGAAGTTG
c498	c498	i8TFs_plus	CAGAACGAGCT
c499	c499	i8TFs_plus	CAGAACGCCTC
c500	c500	i8TFs_plus	CAAGAACCGAT
c501	c501	i8TFs_plus	CCAACTCCTGC
c502	c502	i8TFs_plus	AGTTGGTTCGG
c503	c503	i8TFs_plus	AGTTGACCTGG
c504	c504	i8TFs_plus	ATTGAGAGGCA
c505	c505	i8TFs_plus	ATTGCCGAAGA
c506	c506	i8TFs_plus	ATTGACCATCA
c507	c507	i8TFs_plus	AGTTATCTCCG
c508	c508	i8TFs_plus	ATTGGTAGGTC
c509	c509	i8TFs_plus	AGTTGCGCGCG
c510	c510	i8TFs_plus	ATTGGAGCCGA
c511	c511	i8TFs_plus	ATTGGAGAGAT
c512	c512	i8TFs_plus	ATGATCGTTGG
c513	c513	i8TFs_plus	CAACCAGCGCC
c514	c514	i8TFs_plus	ATGAACCTCGT
c515	c515	i8TFs_plus	ATGCGGTACTA
c516	c516	i8TFs_plus	ATCCTTAAGGA
c517	c517	i8TFs_plus	ATCTTCTCTTA
c518	c518	i8TFs_plus	ATCGGTCTGCC
c519	c519	i8TFs_plus	CCATAGCCTCA
c520	c520	i8TFs_plus	CCAGACCATAT
c521	c521	i8TFs_plus	CAACCAGTTGC
c522	c522	i8TFs_plus	CAACCGACGCG
c523	c523	i8TFs_plus	CCATATAGATA
c524	c524	i8TFs_plus	CCATACGAGAA
c525	c525	i8TFs_plus	CCATCAACTGC
c526	c526	i8TFs_plus	CCAATTGATGC
c527	c527	i8TFs_plus	CCAGAAGATAG
c528	c528	i8TFs_plus	CCATCGGAGTC
c529	c529	i8TFs_plus	CCATCTCGCTT
c530	c530	i8TFs_plus	CCATCGTTGGT
c531	c531	i8TFs_plus	CCATCAATTAG
c532	c532	i8TFs_plus	CCAGCGTTACT
c533	c533	i8TFs_plus	CCAGCTAAGCT
c534	c534	i8TFs_plus	CCATTATCAAG
c535	c535	i8TFs_plus	CCATCTTCAAT
c536	c536	i8TFs_plus	CCAGCTAATAG
c537	c537	i8TFs_plus	CCGAATACTTC
c538	c538	i8TFs_plus	CCGAACCAAGC
c539	c539	i8TFs_plus	CCAGTCTAGAA
c540	c540	i8TFs_plus	CCATTCAGAGT
c541	c541	i8TFs_plus	CCATGGCCGAA
c542	c542	i8TFs_plus	CCGACGCGAGT
c543	c543	i8TFs_plus	CCGAACGGTTA
c544	c544	i8TFs_plus	CCATAAGGATG
c545	c545	i8TFs_plus	CCAGTTCAGGA
c546	c546	i8TFs_plus	GGTCTATTAGA
c547	c547	i8TFs_plus	GGTCTAGGATA
c548	c548	i8TFs_plus	GGTCTCTTCCG
c549	c549	i8TFs_plus	GGTCTATGGAT
c550	c550	i8TFs_plus	GGTAGTCAGAC
c551	c551	i8TFs_plus	GGTAGCTTAAG
c552	c552	i8TFs_plus	GGTCGCAGAGA
c553	c553	i8TFs_plus	GGTATCTGGAG
c554	c554	i8TFs_plus	GGTCTAACTTA
c555	c555	i8TFs_plus	GGTCTGATGCA
c556	c556	i8TFs_plus	GGTCGTTCAGA
c557	c557	i8TFs_plus	GGTAGTTCAAC
c558	c558	i8TFs_plus	GGTTACTCCTT
c559	c559	i8TFs_plus	GGTATCCTCAG
c560	c560	i8TFs_plus	GTCGTCATGCC
c561	c561	i8TFs_plus	GTCGTCTACGC
c562	c562	i8TFs_plus	GTCGGTCGTCT
c563	c563	i8TFs_plus	GTTATAATTCT
c564	c564	i8TFs_plus	GTTAGGATCGG
c565	c565	i8TFs_plus	GTCGGTAGGAG
c566	c566	i8TFs_plus	GTCGCGGTAGC
c567	c567	i8TFs_plus	GTCTATGGACC
c568	c568	i8TFs_plus	GTCGTCTTCTA
c569	c569	i8TFs_plus	GTCTACTGAAG
c571	c571	i8TFs_plus	GTTAGCTATGA
c572	c572	i8TFs_plus	GTTATATGCAA
c573	c573	i8TFs_plus	GTTAGTCTCGT
c575	c575	i8TFs_plus	GTTAACGACCT
c576	c576	i8TFs_plus	GTTCAACGGTT
c577	c577	i8TFs_plus	GTTATTACTTG
c578	c578	i8TFs_plus	GTCGTTGATTC
c579	c579	i8TFs_plus	GTCTGCAACGC
c580	c580	i8TFs_plus	GTTCCGATCAA
c581	c581	i8TFs_plus	GTTCAGGTATC
c582	c582	i8TFs_plus	GTCTGGTATTC
c583	c583	i8TFs_plus	GTCTGGTCCTT
c584	c584	i8TFs_plus	GTTCATCGGAG
c585	c585	i8TFs_plus	GTTCCATATTC
c586	c586	i8TFs_plus	GTTACTAGGTC
c588	c588	i8TFs_plus	GTTAATGCAAC
c589	c589	i8TFs_plus	GTTAATCATCC
c590	c590	i8TFs_plus	GTTCGAGAGCG
c591	c591	i8TFs_plus	GTTCGCTGGCT
c592	c592	i8TFs_plus	GTTCCGTCTGG
c594	c594	i8TFs_plus	GTTACTGCCAT
c595	c595	i8TFs_plus	TCAGTTCATAA
c596	c596	i8TFs_plus	TCATGCTACGG
c597	c597	i8TFs_plus	TCATGATCATG
c598	c598	i8TFs_plus	TATATAGTCTT
c599	c599	i8TFs_plus	TAGTTCGCGCC
c600	c600	i8TFs_plus	GTTCGATCTTA
c601	c601	i8TFs_plus	GTTCGAACTAC
c602	c602	i8TFs_plus	GTTGACCAACG
c603	c603	i8TFs_plus	GTTCTTACTCC
c604	c604	i8TFs_plus	TAACCAGTTAG
c605	c605	i8TFs_plus	GTTGGCTGATC
c606	c606	i8TFs_plus	GTTGGATAGCC
c607	c607	i8TFs_plus	GTTGGCTAGAA
c608	c608	i8TFs_plus	GTTCTCGTAGT
c609	c609	i8TFs_plus	GTTCGTCATGG
c610	c610	i8TFs_plus	GTTGACCGCAT
c611	c611	i8TFs_plus	GTTCTGCTCCA
c612	c612	i8TFs_plus	GTTCTGGAATT
c613	c613	i8TFs_plus	GTTCTGCCTAC
c614	c614	i8TFs_plus	TAACCGATTCG
c615	c615	i8TFs_plus	TAAGTTGAACG
c616	c616	i8TFs_plus	GTTGATGGAGC
c617	c617	i8TFs_plus	GTTGAGACCGC
c618	c618	i8TFs_plus	GTTGACTCGTC
c619	c619	i8TFs_plus	GTTGAGTCAAC
c620	c620	i8TFs_plus	TAGGTAGGATA
c621	c621	i8TFs_plus	GTTGCCGTCAG
c622	c622	i8TFs_plus	GTTGCGGAGAT
c623	c623	i8TFs_plus	TAGGATGGAAT
c624	c624	i8TFs_plus	TAGGTCAGACC
c625	c625	i8TFs_plus	TTGCTTAATCT
c626	c626	i8TFs_plus	TTGCTATGCGA
c628	c628	i8TFs_plus	TTGCTTACGGA
c629	c629	i8TFs_plus	TCGCTTGCCGT
c630	c630	i8TFs_plus	TCGATCTCTGG
c631	c631	i8TFs_plus	TTGCTGGCCGC
c632	c632	i8TFs_plus	TTGCTACTAAT
c633	c633	i8TFs_plus	TCGGTCGTCGC
c634	c634	i8TFs_plus	TCGGTTAACTT
c635	c635	i8TFs_plus	TCGGAGGTACT
c636	c636	i8TFs_plus	TCGGCTGGCGG
c637	c637	i8TFs_plus	TTGGACGTAGA
c638	c638	i8TFs_plus	TCGGCGGAGGT
c639	c639	i8TFs_plus	TCGTATTCGCC
c640	c640	i8TFs_plus	TCGTTAAGTTC
c641	c641	i8TFs_plus	TCGTCTCGAGG
c642	c642	i8TFs_plus	TTGGAGAGTAG
c643	c643	i8TFs_plus	TTGGATATCCG
c644	c644	i8TFs_plus	TCTACCATTCT
c645	c645	i8TFs_plus	TCTATACGATG
c646	c646	i8TFs_plus	TCGTTCTTGGT
c647	c647	i8TFs_plus	TCTACCGAGTC
c648	c648	i8TFs_plus	TTGGCTTACCA
c649	c649	i8TFs_plus	TTGGCGCAATT
c650	c650	i8TFs_plus	TCGTCTGGTAG
